Cod_Prov;Prov_ID;Fecha;Mes;Producto;Cantidad de Unidades;Descuento (%);IVA (importe);Precio total (sin IVA);Precio total (con IVA);Moneda
ACO;15;01/01/2023;ene-23;MF001;6782;25;;;;EUR
ACO;15;01/02/2023;feb-23;MF001;11080;21;;;;EUR
ACO;15;01/03/2023;mar-23;MF001;17994;15;;;;EUR
ACO;15;01/04/2023;abr-23;MF001;34340;12,5;;;;EUR
ACO;15;01/05/2023;may-23;MF001;28825;25;;;;EUR
ACO;15;01/06/2023;jun-23;MF001;48054;15;;;;EUR
ACO;15;01/07/2023;jul-23;MF001;86016;17;;;;EUR
ACO;15;01/08/2023;ago-23;MF001;103320;23,5;;;;EUR
ACO;15;01/09/2023;sep-23;MF001;133479;19,5;;;;EUR
ACO;15;01/10/2023;oct-23;MF001;120910;21,5;;;;EUR
ACO;15;01/11/2023;nov-23;MF001;57486;21,5;;;;EUR
ACO;15;01/12/2023;dic-23;MF001;94788;18;;;;EUR
ALA;1;01/01/2023;ene-23;MF001;666;25;;;;EUR
ALA;1;01/02/2023;feb-23;MF001;1442;21;;;;EUR
ALA;1;01/03/2023;mar-23;MF001;4059;15;;;;EUR
ALA;1;01/04/2023;abr-23;MF001;4756;12,5;;;;EUR
ALA;1;01/05/2023;may-23;MF001;2545;25;;;;EUR
ALA;1;01/06/2023;jun-23;MF001;3336;15;;;;EUR
ALA;1;01/07/2023;jul-23;MF001;6790;17;;;;EUR
ALA;1;01/08/2023;ago-23;MF001;8736;23,5;;;;EUR
ALA;1;01/09/2023;sep-23;MF001;5400;19,5;;;;EUR
ALA;1;01/10/2023;oct-23;MF001;12610;21,5;;;;EUR
ALA;1;01/11/2023;nov-23;MF001;10241;21,5;;;;EUR
ALA;1;01/12/2023;dic-23;MF001;6408;18;;;;EUR
ALC;3;01/01/2023;ene-23;MF001;74;15;;;;EUR
ALC;3;01/02/2023;feb-23;MF001;134;21;;;;EUR
ALC;3;01/03/2023;mar-23;MF001;327;15;;;;EUR
ALC;3;01/04/2023;abr-23;MF001;216;12,5;;;;EUR
ALC;3;01/05/2023;may-23;MF001;335;25;;;;EUR
ALC;3;01/06/2023;jun-23;MF001;894;15;;;;EUR
ALC;3;01/07/2023;jul-23;MF001;938;17;;;;EUR
ALC;3;01/08/2023;ago-23;MF001;1008;23,5;;;;EUR
ALC;3;01/09/2023;sep-23;MF001;1296;19,5;;;;EUR
ALC;3;01/10/2023;oct-23;MF001;1490;21,5;;;;EUR
ALC;3;01/11/2023;nov-23;MF001;836;21,5;;;;EUR
ALC;3;01/12/2023;dic-23;MF001;1380;18;;;;EUR
ALM;4;01/01/2023;ene-23;MF001;1398;25;;;;EUR
ALM;4;01/02/2023;feb-23;MF001;2642;21;;;;EUR
ALM;4;01/03/2023;mar-23;MF001;3627;15;;;;EUR
ALM;4;01/04/2023;abr-23;MF001;4748;12,5;;;;EUR
ALM;4;01/05/2023;may-23;MF001;6935;25;;;;EUR
ALM;4;01/06/2023;jun-23;MF001;7812;15;;;;EUR
ALM;4;01/07/2023;jul-23;MF001;10458;17;;;;EUR
ALM;4;01/08/2023;ago-23;MF001;11264;23,5;;;;EUR
ALM;4;01/09/2023;sep-23;MF001;12051;19,5;;;;EUR
ALM;4;01/10/2023;oct-23;MF001;11640;21,5;;;;EUR
ALM;4;01/11/2023;nov-23;MF001;15059;21,5;;;;EUR
ALM;4;01/12/2023;dic-23;MF001;12672;18;;;;EUR
AST;33;01/01/2023;ene-23;MF001;14025;25;;;;EUR
AST;33;01/02/2023;feb-23;MF001;28930;21;;;;EUR
AST;33;01/03/2023;mar-23;MF001;44187;15;;;;EUR
AST;33;01/04/2023;abr-23;MF001;61292;12,5;;;;EUR
AST;33;01/05/2023;may-23;MF001;62645;25;;;;EUR
AST;33;01/06/2023;jun-23;MF001;80190;15;;;;EUR
AST;33;01/07/2023;jul-23;MF001;115038;17;;;;EUR
AST;33;01/08/2023;ago-23;MF001;120560;23,5;;;;EUR
AST;33;01/09/2023;sep-23;MF001;135828;19,5;;;;EUR
AST;33;01/10/2023;oct-23;MF001;144320;21,5;;;;EUR
AST;33;01/11/2023;nov-23;MF001;128865;21,5;;;;EUR
AST;33;01/12/2023;dic-23;MF001;193116;18;;;;EUR
BCN;8;01/01/2023;ene-23;MF001;146;25;;;;EUR
BCN;8;01/02/2023;feb-23;MF001;272;21;;;;EUR
BCN;8;01/03/2023;mar-23;MF001;375;15;;;;EUR
BCN;8;01/04/2023;abr-23;MF001;480;12,5;;;;EUR
BCN;8;01/05/2023;may-23;MF001;710;25;;;;EUR
BCN;8;01/06/2023;jun-23;MF001;786;15;;;;EUR
BCN;8;01/07/2023;jul-23;MF001;945;17;;;;EUR
BCN;8;01/08/2023;ago-23;MF001;808;23,5;;;;EUR
BCN;8;01/09/2023;sep-23;MF001;1260;19,5;;;;EUR
BCN;8;01/10/2023;oct-23;MF001;1400;21,5;;;;EUR
BCN;8;01/11/2023;nov-23;MF001;1210;21,5;;;;EUR
BCN;8;01/12/2023;dic-23;MF001;1788;18;;;;EUR
BIZ;48;01/01/2023;ene-23;MF001;144;25;;;;EUR
BIZ;48;01/02/2023;feb-23;MF001;288;21;;;;EUR
BIZ;48;01/03/2023;mar-23;MF001;309;15;;;;EUR
BIZ;48;01/04/2023;abr-23;MF001;412;12,5;;;;EUR
BIZ;48;01/05/2023;may-23;MF001;550;25;;;;EUR
BIZ;48;01/06/2023;jun-23;MF001;648;15;;;;EUR
BIZ;48;01/07/2023;jul-23;MF001;945;17;;;;EUR
BIZ;48;01/08/2023;ago-23;MF001;816;23,5;;;;EUR
BIZ;48;01/09/2023;sep-23;MF001;1269;19,5;;;;EUR
BIZ;48;01/10/2023;oct-23;MF001;1330;21,5;;;;EUR
BIZ;48;01/11/2023;nov-23;MF001;1386;21,5;;;;EUR
BIZ;48;01/12/2023;dic-23;MF001;1452;18;;;;EUR
CAD;11;01/01/2023;ene-23;MF001;140;25;;;;EUR
CAD;11;01/02/2023;feb-23;MF001;266;21;;;;EUR
CAD;11;01/03/2023;mar-23;MF001;306;15;;;;EUR
CAD;11;01/04/2023;abr-23;MF001;520;12,5;;;;EUR
CAD;11;01/05/2023;may-23;MF001;690;25;;;;EUR
CAD;11;01/06/2023;jun-23;MF001;828;15;;;;EUR
CAD;11;01/07/2023;jul-23;MF001;952;17;;;;EUR
CAD;11;01/08/2023;ago-23;MF001;976;23,5;;;;EUR
CAD;11;01/09/2023;sep-23;MF001;1098;19,5;;;;EUR
CAD;11;01/10/2023;oct-23;MF001;1420;21,5;;;;EUR
CAD;11;01/11/2023;nov-23;MF001;1584;21,5;;;;EUR
CAD;11;01/12/2023;dic-23;MF001;1488;18;;;;EUR
COR;14;01/01/2023;ene-23;MF001;127;25;;;;EUR
COR;14;01/02/2023;feb-23;MF001;214;21;;;;EUR
COR;14;01/03/2023;mar-23;MF001;234;15;;;;EUR
COR;14;01/04/2023;abr-23;MF001;600;12,5;;;;EUR
COR;14;01/05/2023;may-23;MF001;200;25;;;;EUR
COR;14;01/06/2023;jun-23;MF001;822;15;;;;EUR
COR;14;01/07/2023;jul-23;MF001;238;17;;;;EUR
COR;14;01/08/2023;ago-23;MF001;1080;23,5;;;;EUR
COR;14;01/09/2023;sep-23;MF001;1305;19,5;;;;EUR
COR;14;01/10/2023;oct-23;MF001;1280;21,5;;;;EUR
COR;14;01/11/2023;nov-23;MF001;1441;21,5;;;;EUR
COR;14;01/12/2023;dic-23;MF001;408;18;;;;EUR
GIR;17;01/01/2023;ene-23;MF001;1195;25;;;;EUR
GIR;17;01/02/2023;feb-23;MF001;2128;21;;;;EUR
GIR;17;01/03/2023;mar-23;MF001;3456;15;;;;EUR
GIR;17;01/04/2023;abr-23;MF001;4212;12,5;;;;EUR
GIR;17;01/05/2023;may-23;MF001;5015;25;;;;EUR
GIR;17;01/06/2023;jun-23;MF001;6168;15;;;;EUR
GIR;17;01/07/2023;jul-23;MF001;9569;17;;;;EUR
GIR;17;01/08/2023;ago-23;MF001;10848;23,5;;;;EUR
GIR;17;01/09/2023;sep-23;MF001;11844;19,5;;;;EUR
GIR;17;01/10/2023;oct-23;MF001;11400;21,5;;;;EUR
GIR;17;01/11/2023;nov-23;MF001;13860;21,5;;;;EUR
GIR;17;01/12/2023;dic-23;MF001;16704;18;;;;EUR
GIP;20;01/01/2023;ene-23;MF001;156;25;;;;EUR
GIP;20;01/02/2023;feb-23;MF001;2284;21;;;;EUR
GIP;20;01/03/2023;mar-23;MF001;1698;15;;;;EUR
GIP;20;01/04/2023;abr-23;MF001;1308;12,5;;;;EUR
GIP;20;01/05/2023;may-23;MF001;2880;25;;;;EUR
GIP;20;01/06/2023;jun-23;MF001;4086;15;;;;EUR
GIP;20;01/07/2023;jul-23;MF001;3850;17;;;;EUR
GIP;20;01/08/2023;ago-23;MF001;4288;23,5;;;;EUR
GIP;20;01/09/2023;sep-23;MF001;6084;19,5;;;;EUR
GIP;20;01/10/2023;oct-23;MF001;2060;21,5;;;;EUR
GIP;20;01/11/2023;nov-23;MF001;8723;21,5;;;;EUR
GIP;20;01/12/2023;dic-23;MF001;4740;18;;;;EUR
GRA;18;01/01/2023;ene-23;MF001;6420;25;;;;EUR
GRA;18;01/02/2023;feb-23;MF001;24108;21;;;;EUR
GRA;18;01/03/2023;mar-23;MF001;37524;15;;;;EUR
GRA;18;01/04/2023;abr-23;MF001;20568;12,5;;;;EUR
GRA;18;01/05/2023;may-23;MF001;15625;25;;;;EUR
GRA;18;01/06/2023;jun-23;MF001;50988;15;;;;EUR
GRA;18;01/07/2023;jul-23;MF001;88942;17;;;;EUR
GRA;18;01/08/2023;ago-23;MF001;88544;23,5;;;;EUR
GRA;18;01/09/2023;sep-23;MF001;107640;19,5;;;;EUR
GRA;18;01/10/2023;oct-23;MF001;82460;21,5;;;;EUR
GRA;18;01/11/2023;nov-23;MF001;64680;21,5;;;;EUR
GRA;18;01/12/2023;dic-23;MF001;141888;18;;;;EUR
BAL;7;01/01/2023;ene-23;MF001;77;15;;;;EUR
BAL;7;01/02/2023;feb-23;MF001;114;16;;;;EUR
BAL;7;01/03/2023;mar-23;MF001;396;15;;;;EUR
BAL;7;01/04/2023;abr-23;MF001;276;12,5;;;;EUR
BAL;7;01/05/2023;may-23;MF001;425;25;;;;EUR
BAL;7;01/06/2023;jun-23;MF001;606;15;;;;EUR
BAL;7;01/07/2023;jul-23;MF001;231;17;;;;EUR
BAL;7;01/08/2023;ago-23;MF001;576;23,5;;;;EUR
BAL;7;01/09/2023;sep-23;MF001;738;19,5;;;;EUR
BAL;7;01/10/2023;oct-23;MF001;930;21,5;;;;EUR
BAL;7;01/11/2023;nov-23;MF001;484;21,5;;;;EUR
BAL;7;01/12/2023;dic-23;MF001;1440;18;;;;EUR
LPA;35;01/01/2023;ene-23;MF001;1343;25;;;;EUR
LPA;35;01/02/2023;feb-23;MF001;2180;21;;;;EUR
LPA;35;01/03/2023;mar-23;MF001;3429;15;;;;EUR
LPA;35;01/04/2023;abr-23;MF001;5864;12,5;;;;EUR
LPA;35;01/05/2023;may-23;MF001;6300;25;;;;EUR
LPA;35;01/06/2023;jun-23;MF001;6090;15;;;;EUR
LPA;35;01/07/2023;jul-23;MF001;9002;17;;;;EUR
LPA;35;01/08/2023;ago-23;MF001;11288;23,5;;;;EUR
LPA;35;01/09/2023;sep-23;MF001;10773;19,5;;;;EUR
LPA;35;01/10/2023;oct-23;MF001;10120;21,5;;;;EUR
LPA;35;01/11/2023;nov-23;MF001;15895;21,5;;;;EUR
LPA;35;01/12/2023;dic-23;MF001;16056;18;;;;EUR
LEO;24;01/01/2023;ene-23;MF001;1187;25;;;;EUR
LEO;24;01/02/2023;feb-23;MF001;2998;21;;;;EUR
LEO;24;01/03/2023;mar-23;MF001;3369;15;;;;EUR
LEO;24;01/04/2023;abr-23;MF001;4592;12,5;;;;EUR
LEO;24;01/05/2023;may-23;MF001;5260;25;;;;EUR
LEO;24;01/06/2023;jun-23;MF001;6186;15;;;;EUR
LEO;24;01/07/2023;jul-23;MF001;8638;17;;;;EUR
LEO;24;01/08/2023;ago-23;MF001;11368;23,5;;;;EUR
LEO;24;01/09/2023;sep-23;MF001;12321;19,5;;;;EUR
LEO;24;01/10/2023;oct-23;MF001;12220;21,5;;;;EUR
LEO;24;01/11/2023;nov-23;MF001;15356;21,5;;;;EUR
LEO;24;01/12/2023;dic-23;MF001;16776;18;;;;EUR
LLE;25;01/01/2023;ene-23;MF001;137;25;;;;EUR
LLE;25;01/02/2023;feb-23;MF001;280;21;;;;EUR
LLE;25;01/03/2023;mar-23;MF001;360;15;;;;EUR
LLE;25;01/04/2023;abr-23;MF001;500;12,5;;;;EUR
LLE;25;01/05/2023;may-23;MF001;550;25;;;;EUR
LLE;25;01/06/2023;jun-23;MF001;312;15;;;;EUR
LLE;25;01/07/2023;jul-23;MF001;574;17;;;;EUR
LLE;25;01/08/2023;ago-23;MF001;480;23,5;;;;EUR
LLE;25;01/09/2023;sep-23;MF001;1188;19,5;;;;EUR
LLE;25;01/10/2023;oct-23;MF001;1030;21,5;;;;EUR
LLE;25;01/11/2023;nov-23;MF001;187;21,5;;;;EUR
LLE;25;01/12/2023;dic-23;MF001;324;18;;;;EUR
OUR;32;01/01/2023;ene-23;MF001;1448;25;;;;EUR
OUR;32;01/02/2023;feb-23;MF001;2334;21;;;;EUR
OUR;32;01/03/2023;mar-23;MF001;3210;15;;;;EUR
OUR;32;01/04/2023;abr-23;MF001;5504;12,5;;;;EUR
OUR;32;01/05/2023;may-23;MF001;5480;25;;;;EUR
OUR;32;01/06/2023;jun-23;MF001;7482;15;;;;EUR
OUR;32;01/07/2023;jul-23;MF001;10136;17;;;;EUR
OUR;32;01/08/2023;ago-23;MF001;8976;23,5;;;;EUR
OUR;32;01/09/2023;sep-23;MF001;10575;19,5;;;;EUR
OUR;32;01/10/2023;oct-23;MF001;13650;21,5;;;;EUR
OUR;32;01/11/2023;nov-23;MF001;14795;21,5;;;;EUR
OUR;32;01/12/2023;dic-23;MF001;17160;18;;;;EUR
SEV;41;01/01/2023;ene-23;MF001;1128;25;;;;EUR
SEV;41;01/02/2023;feb-23;MF001;2184;21;;;;EUR
SEV;41;01/03/2023;mar-23;MF001;3702;15;;;;EUR
SEV;41;01/04/2023;abr-23;MF001;5432;12,5;;;;EUR
SEV;41;01/05/2023;may-23;MF001;5475;25;;;;EUR
SEV;41;01/06/2023;jun-23;MF001;8250;15;;;;EUR
SEV;41;01/07/2023;jul-23;MF001;9765;17;;;;EUR
SEV;41;01/08/2023;ago-23;MF001;9312;23,5;;;;EUR
SEV;41;01/09/2023;sep-23;MF001;11970;19,5;;;;EUR
SEV;41;01/10/2023;oct-23;MF001;11140;21,5;;;;EUR
SEV;41;01/11/2023;nov-23;MF001;11220;21,5;;;;EUR
SEV;41;01/12/2023;dic-23;MF001;12360;18;;;;EUR
MAD;28;01/01/2023;ene-23;MF001;694;25;;;;EUR
MAD;28;01/02/2023;feb-23;MF001;1470;21;;;;EUR
MAD;28;01/03/2023;mar-23;MF001;2019;15;;;;EUR
MAD;28;01/04/2023;abr-23;MF001;2356;12,5;;;;EUR
MAD;28;01/05/2023;may-23;MF001;2980;25;;;;EUR
MAD;28;01/06/2023;jun-23;MF001;4242;15;;;;EUR
MAD;28;01/07/2023;jul-23;MF001;3626;17;;;;EUR
MAD;28;01/08/2023;ago-23;MF001;4912;23,5;;;;EUR
MAD;28;01/09/2023;sep-23;MF001;6606;19,5;;;;EUR
MAD;28;01/10/2023;oct-23;MF001;6990;21,5;;;;EUR
MAD;28;01/11/2023;nov-23;MF001;7238;21,5;;;;EUR
MAD;28;01/12/2023;dic-23;MF001;7728;18;;;;EUR
MUR;30;01/01/2023;ene-23;MF001;605;25;;;;EUR
MUR;30;01/02/2023;feb-23;MF001;1090;21;;;;EUR
MUR;30;01/03/2023;mar-23;MF001;2148;15;;;;EUR
MUR;30;01/04/2023;abr-23;MF001;2896;12,5;;;;EUR
MUR;30;01/05/2023;may-23;MF001;2660;25;;;;EUR
MUR;30;01/06/2023;jun-23;MF001;3672;15;;;;EUR
MUR;30;01/07/2023;jul-23;MF001;4466;17;;;;EUR
MUR;30;01/08/2023;ago-23;MF001;4120;23,5;;;;EUR
MUR;30;01/09/2023;sep-23;MF001;5355;19,5;;;;EUR
MUR;30;01/10/2023;oct-23;MF001;5220;21,5;;;;EUR
MUR;30;01/11/2023;nov-23;MF001;6424;21,5;;;;EUR
MUR;30;01/12/2023;dic-23;MF001;8916;18;;;;EUR
MLG;29;01/01/2023;ene-23;MF001;64;15;;;;EUR
MLG;29;01/02/2023;feb-23;MF001;234;21;;;;EUR
MLG;29;01/03/2023;mar-23;MF001;120;15;;;;EUR
MLG;29;01/04/2023;abr-23;MF001;192;12,5;;;;EUR
MLG;29;01/05/2023;may-23;MF001;95;20,5;;;;EUR
MLG;29;01/06/2023;jun-23;MF001;474;15;;;;EUR
MLG;29;01/07/2023;jul-23;MF001;812;17;;;;EUR
MLG;29;01/08/2023;ago-23;MF001;928;23,5;;;;EUR
MLG;29;01/09/2023;sep-23;MF001;1161;19,5;;;;EUR
MLG;29;01/10/2023;oct-23;MF001;1100;21,5;;;;EUR
MLG;29;01/11/2023;nov-23;MF001;187;21,5;;;;EUR
MLG;29;01/12/2023;dic-23;MF001;300;18;;;;EUR
TGN;43;01/01/2023;ene-23;MF001;698;25;;;;EUR
TGN;43;01/02/2023;feb-23;MF001;1008;21;;;;EUR
TGN;43;01/03/2023;mar-23;MF001;1596;15;;;;EUR
TGN;43;01/04/2023;abr-23;MF001;2092;12,5;;;;EUR
TGN;43;01/05/2023;may-23;MF001;3405;25;;;;EUR
TGN;43;01/06/2023;jun-23;MF001;3522;15;;;;EUR
TGN;43;01/07/2023;jul-23;MF001;4683;17;;;;EUR
TGN;43;01/08/2023;ago-23;MF001;5008;23,5;;;;EUR
TGN;43;01/09/2023;sep-23;MF001;6579;19,5;;;;EUR
TGN;43;01/10/2023;oct-23;MF001;6840;21,5;;;;EUR
TGN;43;01/11/2023;nov-23;MF001;7722;21,5;;;;EUR
TGN;43;01/12/2023;dic-23;MF001;6840;18;;;;EUR
ZAR;50;01/01/2023;ene-23;MF001;95;20;;;;EUR
ZAR;50;01/02/2023;feb-23;MF001;66;11;;;;EUR
ZAR;50;01/03/2023;mar-23;MF001;111;10;;;;EUR
ZAR;50;01/04/2023;abr-23;MF001;212;12,5;;;;EUR
ZAR;50;01/05/2023;may-23;MF001;745;25;;;;EUR
ZAR;50;01/06/2023;jun-23;MF001;810;15;;;;EUR
ZAR;50;01/07/2023;jul-23;MF001;84;12;;;;EUR
ZAR;50;01/08/2023;ago-23;MF001;1200;23,5;;;;EUR
ZAR;50;01/09/2023;sep-23;MF001;441;19,5;;;;EUR
ZAR;50;01/10/2023;oct-23;MF001;1350;21,5;;;;EUR
ZAR;50;01/11/2023;nov-23;MF001;836;21,5;;;;EUR
ZAR;50;01/12/2023;dic-23;MF001;828;18;;;;EUR
ACO;15;01/01/2023;ene-23;MN002;11512;14;;;;EUR
ACO;15;01/02/2023;feb-23;MN002;14364;24,5;;;;EUR
ACO;15;01/03/2023;mar-23;MN002;31734;19;;;;EUR
ACO;15;01/04/2023;abr-23;MN002;32364;17;;;;EUR
ACO;15;01/05/2023;may-23;MN002;50155;24,5;;;;EUR
ACO;15;01/06/2023;jun-23;MN002;31020;25;;;;EUR
ACO;15;01/07/2023;jul-23;MN002;72884;20,5;;;;EUR
ACO;15;01/08/2023;ago-23;MN002;100168;15;;;;EUR
ACO;15;01/09/2023;sep-23;MN002;112410;25;;;;EUR
ACO;15;01/10/2023;oct-23;MN002;100680;13;;;;EUR
ACO;15;01/11/2023;nov-23;MN002;151987;13;;;;EUR
ACO;15;01/12/2023;dic-23;MN002;96648;21,5;;;;EUR
ALA;1;01/01/2023;ene-23;MN002;1053;14;;;;EUR
ALA;1;01/02/2023;feb-23;MN002;2274;24,5;;;;EUR
ALA;1;01/03/2023;mar-23;MN002;4464;19;;;;EUR
ALA;1;01/04/2023;abr-23;MN002;5856;17;;;;EUR
ALA;1;01/05/2023;may-23;MN002;6430;24,5;;;;EUR
ALA;1;01/06/2023;jun-23;MN002;5034;25;;;;EUR
ALA;1;01/07/2023;jul-23;MN002;6720;20,5;;;;EUR
ALA;1;01/08/2023;ago-23;MN002;7168;15;;;;EUR
ALA;1;01/09/2023;sep-23;MN002;10368;25;;;;EUR
ALA;1;01/10/2023;oct-23;MN002;7140;13;;;;EUR
ALA;1;01/11/2023;nov-23;MN002;7601;13;;;;EUR
ALA;1;01/12/2023;dic-23;MN002;14256;21,5;;;;EUR
ALC;3;01/01/2023;ene-23;MN002;109;9;;;;EUR
ALC;3;01/02/2023;feb-23;MN002;122;24,5;;;;EUR
ALC;3;01/03/2023;mar-23;MN002;342;19;;;;EUR
ALC;3;01/04/2023;abr-23;MN002;404;17;;;;EUR
ALC;3;01/05/2023;may-23;MN002;530;24,5;;;;EUR
ALC;3;01/06/2023;jun-23;MN002;594;25;;;;EUR
ALC;3;01/07/2023;jul-23;MN002;980;20,5;;;;EUR
ALC;3;01/08/2023;ago-23;MN002;1112;15;;;;EUR
ALC;3;01/09/2023;sep-23;MN002;1269;25;;;;EUR
ALC;3;01/10/2023;oct-23;MN002;1430;13;;;;EUR
ALC;3;01/11/2023;nov-23;MN002;957;13;;;;EUR
ALC;3;01/12/2023;dic-23;MN002;1116;21,5;;;;EUR
ALM;4;01/01/2023;ene-23;MN002;1453;14;;;;EUR
ALM;4;01/02/2023;feb-23;MN002;2522;24,5;;;;EUR
ALM;4;01/03/2023;mar-23;MN002;3174;19;;;;EUR
ALM;4;01/04/2023;abr-23;MN002;4356;17;;;;EUR
ALM;4;01/05/2023;may-23;MN002;6700;24,5;;;;EUR
ALM;4;01/06/2023;jun-23;MN002;6300;25;;;;EUR
ALM;4;01/07/2023;jul-23;MN002;7924;20,5;;;;EUR
ALM;4;01/08/2023;ago-23;MN002;10776;15;;;;EUR
ALM;4;01/09/2023;sep-23;MN002;10143;25;;;;EUR
ALM;4;01/10/2023;oct-23;MN002;14330;13;;;;EUR
ALM;4;01/11/2023;nov-23;MN002;13728;13;;;;EUR
ALM;4;01/12/2023;dic-23;MN002;14508;21,5;;;;EUR
AST;33;01/01/2023;ene-23;MN002;11979;14;;;;EUR
AST;33;01/02/2023;feb-23;MN002;29898;24,5;;;;EUR
AST;33;01/03/2023;mar-23;MN002;38775;19;;;;EUR
AST;33;01/04/2023;abr-23;MN002;64680;17;;;;EUR
AST;33;01/05/2023;may-23;MN002;69245;24,5;;;;EUR
AST;33;01/06/2023;jun-23;MN002;80982;25;;;;EUR
AST;33;01/07/2023;jul-23;MN002;82313;20,5;;;;EUR
AST;33;01/08/2023;ago-23;MN002;107008;15;;;;EUR
AST;33;01/09/2023;sep-23;MN002;125730;25;;;;EUR
AST;33;01/10/2023;oct-23;MN002;137170;13;;;;EUR
AST;33;01/11/2023;nov-23;MN002;155848;13;;;;EUR
AST;33;01/12/2023;dic-23;MN002;141372;21,5;;;;EUR
BCN;8;01/01/2023;ene-23;MN002;122;14;;;;EUR
BCN;8;01/02/2023;feb-23;MN002;248;24,5;;;;EUR
BCN;8;01/03/2023;mar-23;MN002;303;19;;;;EUR
BCN;8;01/04/2023;abr-23;MN002;596;17;;;;EUR
BCN;8;01/05/2023;may-23;MN002;630;24,5;;;;EUR
BCN;8;01/06/2023;jun-23;MN002;870;25;;;;EUR
BCN;8;01/07/2023;jul-23;MN002;777;20,5;;;;EUR
BCN;8;01/08/2023;ago-23;MN002;1128;15;;;;EUR
BCN;8;01/09/2023;sep-23;MN002;1044;25;;;;EUR
BCN;8;01/10/2023;oct-23;MN002;1360;13;;;;EUR
BCN;8;01/11/2023;nov-23;MN002;1562;13;;;;EUR
BCN;8;01/12/2023;dic-23;MN002;1224;21,5;;;;EUR
BIZ;48;01/01/2023;ene-23;MN002;135;14;;;;EUR
BIZ;48;01/02/2023;feb-23;MN002;266;24,5;;;;EUR
BIZ;48;01/03/2023;mar-23;MN002;306;19;;;;EUR
BIZ;48;01/04/2023;abr-23;MN002;492;17;;;;EUR
BIZ;48;01/05/2023;may-23;MN002;690;24,5;;;;EUR
BIZ;48;01/06/2023;jun-23;MN002;774;25;;;;EUR
BIZ;48;01/07/2023;jul-23;MN002;847;20,5;;;;EUR
BIZ;48;01/08/2023;ago-23;MN002;904;15;;;;EUR
BIZ;48;01/09/2023;sep-23;MN002;936;25;;;;EUR
BIZ;48;01/10/2023;oct-23;MN002;1320;13;;;;EUR
BIZ;48;01/11/2023;nov-23;MN002;1474;13;;;;EUR
BIZ;48;01/12/2023;dic-23;MN002;1620;21,5;;;;EUR
CAD;11;01/01/2023;ene-23;MN002;133;14;;;;EUR
CAD;11;01/02/2023;feb-23;MN002;272;24,5;;;;EUR
CAD;11;01/03/2023;mar-23;MN002;429;19;;;;EUR
CAD;11;01/04/2023;abr-23;MN002;436;17;;;;EUR
CAD;11;01/05/2023;may-23;MN002;525;24,5;;;;EUR
CAD;11;01/06/2023;jun-23;MN002;636;25;;;;EUR
CAD;11;01/07/2023;jul-23;MN002;896;20,5;;;;EUR
CAD;11;01/08/2023;ago-23;MN002;1064;15;;;;EUR
CAD;11;01/09/2023;sep-23;MN002;1323;25;;;;EUR
CAD;11;01/10/2023;oct-23;MN002;1460;13;;;;EUR
CAD;11;01/11/2023;nov-23;MN002;1540;13;;;;EUR
CAD;11;01/12/2023;dic-23;MN002;1464;21,5;;;;EUR
COR;14;01/01/2023;ene-23;MN002;23;0;;;;EUR
COR;14;01/02/2023;feb-23;MN002;98;19,5;;;;EUR
COR;14;01/03/2023;mar-23;MN002;327;19;;;;EUR
COR;14;01/04/2023;abr-23;MN002;84;12;;;;EUR
COR;14;01/05/2023;may-23;MN002;630;24,5;;;;EUR
COR;14;01/06/2023;jun-23;MN002;894;25;;;;EUR
COR;14;01/07/2023;jul-23;MN002;714;20,5;;;;EUR
COR;14;01/08/2023;ago-23;MN002;96;10;;;;EUR
COR;14;01/09/2023;sep-23;MN002;693;25;;;;EUR
COR;14;01/10/2023;oct-23;MN002;190;13;;;;EUR
COR;14;01/11/2023;nov-23;MN002;1342;13;;;;EUR
COR;14;01/12/2023;dic-23;MN002;1104;21,5;;;;EUR
GIR;17;01/01/2023;ene-23;MN002;1412;14;;;;EUR
GIR;17;01/02/2023;feb-23;MN002;2978;24,5;;;;EUR
GIR;17;01/03/2023;mar-23;MN002;4242;19;;;;EUR
GIR;17;01/04/2023;abr-23;MN002;4376;17;;;;EUR
GIR;17;01/05/2023;may-23;MN002;5485;24,5;;;;EUR
GIR;17;01/06/2023;jun-23;MN002;6024;25;;;;EUR
GIR;17;01/07/2023;jul-23;MN002;7945;20,5;;;;EUR
GIR;17;01/08/2023;ago-23;MN002;9472;15;;;;EUR
GIR;17;01/09/2023;sep-23;MN002;9972;25;;;;EUR
GIR;17;01/10/2023;oct-23;MN002;10690;13;;;;EUR
GIR;17;01/11/2023;nov-23;MN002;15818;13;;;;EUR
GIR;17;01/12/2023;dic-23;MN002;14748;21,5;;;;EUR
GIP;20;01/01/2023;ene-23;MN002;1440;14;;;;EUR
GIP;20;01/02/2023;feb-23;MN002;2014;24,5;;;;EUR
GIP;20;01/03/2023;mar-23;MN002;2787;19;;;;EUR
GIP;20;01/04/2023;abr-23;MN002;1736;17;;;;EUR
GIP;20;01/05/2023;may-23;MN002;6550;24,5;;;;EUR
GIP;20;01/06/2023;jun-23;MN002;5202;25;;;;EUR
GIP;20;01/07/2023;jul-23;MN002;3374;20,5;;;;EUR
GIP;20;01/08/2023;ago-23;MN002;7360;15;;;;EUR
GIP;20;01/09/2023;sep-23;MN002;3429;25;;;;EUR
GIP;20;01/10/2023;oct-23;MN002;9740;13;;;;EUR
GIP;20;01/11/2023;nov-23;MN002;14157;13;;;;EUR
GIP;20;01/12/2023;dic-23;MN002;8820;21,5;;;;EUR
GRA;18;01/01/2023;ene-23;MN002;5394;14;;;;EUR
GRA;18;01/02/2023;feb-23;MN002;7384;24,5;;;;EUR
GRA;18;01/03/2023;mar-23;MN002;30645;19;;;;EUR
GRA;18;01/04/2023;abr-23;MN002;21612;17;;;;EUR
GRA;18;01/05/2023;may-23;MN002;27775;24,5;;;;EUR
GRA;18;01/06/2023;jun-23;MN002;71808;25;;;;EUR
GRA;18;01/07/2023;jul-23;MN002;17843;20,5;;;;EUR
GRA;18;01/08/2023;ago-23;MN002;92824;15;;;;EUR
GRA;18;01/09/2023;sep-23;MN002;131094;25;;;;EUR
GRA;18;01/10/2023;oct-23;MN002;33690;13;;;;EUR
GRA;18;01/11/2023;nov-23;MN002;129800;13;;;;EUR
GRA;18;01/12/2023;dic-23;MN002;95604;21,5;;;;EUR
BAL;7;01/01/2023;ene-23;MN002;28;0;;;;EUR
BAL;7;01/02/2023;feb-23;MN002;24;4,5;;;;EUR
BAL;7;01/03/2023;mar-23;MN002;30;4;;;;EUR
BAL;7;01/04/2023;abr-23;MN002;268;17;;;;EUR
BAL;7;01/05/2023;may-23;MN002;80;19,5;;;;EUR
BAL;7;01/06/2023;jun-23;MN002;648;25;;;;EUR
BAL;7;01/07/2023;jul-23;MN002;987;20,5;;;;EUR
BAL;7;01/08/2023;ago-23;MN002;504;15;;;;EUR
BAL;7;01/09/2023;sep-23;MN002;162;25;;;;EUR
BAL;7;01/10/2023;oct-23;MN002;1270;13;;;;EUR
BAL;7;01/11/2023;nov-23;MN002;198;13;;;;EUR
BAL;7;01/12/2023;dic-23;MN002;1560;21,5;;;;EUR
LPA;35;01/01/2023;ene-23;MN002;1493;14;;;;EUR
LPA;35;01/02/2023;feb-23;MN002;2172;24,5;;;;EUR
LPA;35;01/03/2023;mar-23;MN002;3342;19;;;;EUR
LPA;35;01/04/2023;abr-23;MN002;4832;17;;;;EUR
LPA;35;01/05/2023;may-23;MN002;5320;24,5;;;;EUR
LPA;35;01/06/2023;jun-23;MN002;6990;25;;;;EUR
LPA;35;01/07/2023;jul-23;MN002;7882;20,5;;;;EUR
LPA;35;01/08/2023;ago-23;MN002;10824;15;;;;EUR
LPA;35;01/09/2023;sep-23;MN002;11889;25;;;;EUR
LPA;35;01/10/2023;oct-23;MN002;10330;13;;;;EUR
LPA;35;01/11/2023;nov-23;MN002;13123;13;;;;EUR
LPA;35;01/12/2023;dic-23;MN002;14208;21,5;;;;EUR
LEO;24;01/01/2023;ene-23;MN002;1478;14;;;;EUR
LEO;24;01/02/2023;feb-23;MN002;2364;24,5;;;;EUR
LEO;24;01/03/2023;mar-23;MN002;3870;19;;;;EUR
LEO;24;01/04/2023;abr-23;MN002;5264;17;;;;EUR
LEO;24;01/05/2023;may-23;MN002;5760;24,5;;;;EUR
LEO;24;01/06/2023;jun-23;MN002;7524;25;;;;EUR
LEO;24;01/07/2023;jul-23;MN002;9450;20,5;;;;EUR
LEO;24;01/08/2023;ago-23;MN002;8680;15;;;;EUR
LEO;24;01/09/2023;sep-23;MN002;9081;25;;;;EUR
LEO;24;01/10/2023;oct-23;MN002;13890;13;;;;EUR
LEO;24;01/11/2023;nov-23;MN002;13772;13;;;;EUR
LEO;24;01/12/2023;dic-23;MN002;12504;21,5;;;;EUR
LLE;25;01/01/2023;ene-23;MN002;83;9;;;;EUR
LLE;25;01/02/2023;feb-23;MN002;196;24,5;;;;EUR
LLE;25;01/03/2023;mar-23;MN002;57;9;;;;EUR
LLE;25;01/04/2023;abr-23;MN002;304;17;;;;EUR
LLE;25;01/05/2023;may-23;MN002;210;24,5;;;;EUR
LLE;25;01/06/2023;jun-23;MN002;780;25;;;;EUR
LLE;25;01/07/2023;jul-23;MN002;252;20,5;;;;EUR
LLE;25;01/08/2023;ago-23;MN002;1024;15;;;;EUR
LLE;25;01/09/2023;sep-23;MN002;396;25;;;;EUR
LLE;25;01/10/2023;oct-23;MN002;1500;13;;;;EUR
LLE;25;01/11/2023;nov-23;MN002;682;13;;;;EUR
LLE;25;01/12/2023;dic-23;MN002;480;21,5;;;;EUR
OUR;32;01/01/2023;ene-23;MN002;1094;14;;;;EUR
OUR;32;01/02/2023;feb-23;MN002;2156;24,5;;;;EUR
OUR;32;01/03/2023;mar-23;MN002;3423;19;;;;EUR
OUR;32;01/04/2023;abr-23;MN002;4652;17;;;;EUR
OUR;32;01/05/2023;may-23;MN002;6995;24,5;;;;EUR
OUR;32;01/06/2023;jun-23;MN002;7632;25;;;;EUR
OUR;32;01/07/2023;jul-23;MN002;9751;20,5;;;;EUR
OUR;32;01/08/2023;ago-23;MN002;9384;15;;;;EUR
OUR;32;01/09/2023;sep-23;MN002;9603;25;;;;EUR
OUR;32;01/10/2023;oct-23;MN002;12070;13;;;;EUR
OUR;32;01/11/2023;nov-23;MN002;15433;13;;;;EUR
OUR;32;01/12/2023;dic-23;MN002;12708;21,5;;;;EUR
SEV;41;01/01/2023;ene-23;MN002;1271;14;;;;EUR
SEV;41;01/02/2023;feb-23;MN002;2950;24,5;;;;EUR
SEV;41;01/03/2023;mar-23;MN002;4011;19;;;;EUR
SEV;41;01/04/2023;abr-23;MN002;4380;17;;;;EUR
SEV;41;01/05/2023;may-23;MN002;5515;24,5;;;;EUR
SEV;41;01/06/2023;jun-23;MN002;8892;25;;;;EUR
SEV;41;01/07/2023;jul-23;MN002;8988;20,5;;;;EUR
SEV;41;01/08/2023;ago-23;MN002;11256;15;;;;EUR
SEV;41;01/09/2023;sep-23;MN002;11727;25;;;;EUR
SEV;41;01/10/2023;oct-23;MN002;11760;13;;;;EUR
SEV;41;01/11/2023;nov-23;MN002;13816;13;;;;EUR
SEV;41;01/12/2023;dic-23;MN002;16188;21,5;;;;EUR
MAD;28;01/01/2023;ene-23;MN002;662;14;;;;EUR
MAD;28;01/02/2023;feb-23;MN002;1282;24,5;;;;EUR
MAD;28;01/03/2023;mar-23;MN002;1626;19;;;;EUR
MAD;28;01/04/2023;abr-23;MN002;2960;17;;;;EUR
MAD;28;01/05/2023;may-23;MN002;2595;24,5;;;;EUR
MAD;28;01/06/2023;jun-23;MN002;3402;25;;;;EUR
MAD;28;01/07/2023;jul-23;MN002;4711;20,5;;;;EUR
MAD;28;01/08/2023;ago-23;MN002;5544;15;;;;EUR
MAD;28;01/09/2023;sep-23;MN002;4788;25;;;;EUR
MAD;28;01/10/2023;oct-23;MN002;5730;13;;;;EUR
MAD;28;01/11/2023;nov-23;MN002;7579;13;;;;EUR
MAD;28;01/12/2023;dic-23;MN002;8304;21,5;;;;EUR
MUR;30;01/01/2023;ene-23;MN002;605;14;;;;EUR
MUR;30;01/02/2023;feb-23;MN002;1024;24,5;;;;EUR
MUR;30;01/03/2023;mar-23;MN002;1896;19;;;;EUR
MUR;30;01/04/2023;abr-23;MN002;2048;17;;;;EUR
MUR;30;01/05/2023;may-23;MN002;3170;24,5;;;;EUR
MUR;30;01/06/2023;jun-23;MN002;4224;25;;;;EUR
MUR;30;01/07/2023;jul-23;MN002;4767;20,5;;;;EUR
MUR;30;01/08/2023;ago-23;MN002;4448;15;;;;EUR
MUR;30;01/09/2023;sep-23;MN002;6309;25;;;;EUR
MUR;30;01/10/2023;oct-23;MN002;5850;13;;;;EUR
MUR;30;01/11/2023;nov-23;MN002;6446;13;;;;EUR
MUR;30;01/12/2023;dic-23;MN002;8544;21,5;;;;EUR
MLG;29;01/01/2023;ene-23;MN002;46;0;;;;EUR
MLG;29;01/02/2023;feb-23;MN002;150;24,5;;;;EUR
MLG;29;01/03/2023;mar-23;MN002;192;19;;;;EUR
MLG;29;01/04/2023;abr-23;MN002;344;17;;;;EUR
MLG;29;01/05/2023;may-23;MN002;165;24,5;;;;EUR
MLG;29;01/06/2023;jun-23;MN002;186;25;;;;EUR
MLG;29;01/07/2023;jul-23;MN002;168;20,5;;;;EUR
MLG;29;01/08/2023;ago-23;MN002;440;15;;;;EUR
MLG;29;01/09/2023;sep-23;MN002;216;25;;;;EUR
MLG;29;01/10/2023;oct-23;MN002;1310;13;;;;EUR
MLG;29;01/11/2023;nov-23;MN002;726;13;;;;EUR
MLG;29;01/12/2023;dic-23;MN002;1740;21,5;;;;EUR
TGN;43;01/01/2023;ene-23;MN002;554;14;;;;EUR
TGN;43;01/02/2023;feb-23;MN002;1376;24,5;;;;EUR
TGN;43;01/03/2023;mar-23;MN002;2181;19;;;;EUR
TGN;43;01/04/2023;abr-23;MN002;2852;17;;;;EUR
TGN;43;01/05/2023;may-23;MN002;2710;24,5;;;;EUR
TGN;43;01/06/2023;jun-23;MN002;3252;25;;;;EUR
TGN;43;01/07/2023;jul-23;MN002;4802;20,5;;;;EUR
TGN;43;01/08/2023;ago-23;MN002;5448;15;;;;EUR
TGN;43;01/09/2023;sep-23;MN002;5553;25;;;;EUR
TGN;43;01/10/2023;oct-23;MN002;5260;13;;;;EUR
TGN;43;01/11/2023;nov-23;MN002;6281;13;;;;EUR
TGN;43;01/12/2023;dic-23;MN002;7764;21,5;;;;EUR
ZAR;50;01/01/2023;ene-23;MN002;45;0;;;;EUR
ZAR;50;01/02/2023;feb-23;MN002;38;9,5;;;;EUR
ZAR;50;01/03/2023;mar-23;MN002;423;19;;;;EUR
ZAR;50;01/04/2023;abr-23;MN002;380;17;;;;EUR
ZAR;50;01/05/2023;may-23;MN002;720;24,5;;;;EUR
ZAR;50;01/06/2023;jun-23;MN002;534;25;;;;EUR
ZAR;50;01/07/2023;jul-23;MN002;630;20,5;;;;EUR
ZAR;50;01/08/2023;ago-23;MN002;520;15;;;;EUR
ZAR;50;01/09/2023;sep-23;MN002;675;25;;;;EUR
ZAR;50;01/10/2023;oct-23;MN002;130;13;;;;EUR
ZAR;50;01/11/2023;nov-23;MN002;1650;13;;;;EUR
ZAR;50;01/12/2023;dic-23;MN002;948;21,5;;;;EUR
ACO;15;01/01/2023;ene-23;MD005;6990;20,5;;;;EUR
ACO;15;01/02/2023;feb-23;MD005;17446;19;;;;EUR
ACO;15;01/03/2023;mar-23;MD005;23460;25;;;;EUR
ACO;15;01/04/2023;abr-23;MD005;43724;23,5;;;;EUR
ACO;15;01/05/2023;may-23;MD005;28710;19;;;;EUR
ACO;15;01/06/2023;jun-23;MD005;61122;13;;;;EUR
ACO;15;01/07/2023;jul-23;MD005;84889;15;;;;EUR
ACO;15;01/08/2023;ago-23;MD005;92832;21,5;;;;EUR
ACO;15;01/09/2023;sep-23;MD005;124317;18;;;;EUR
ACO;15;01/10/2023;oct-23;MD005;128400;19,5;;;;EUR
ACO;15;01/11/2023;nov-23;MD005;63701;19,5;;;;EUR
ACO;15;01/12/2023;dic-23;MD005;67560;16;;;;EUR
ALA;1;01/01/2023;ene-23;MD005;1161;20,5;;;;EUR
ALA;1;01/02/2023;feb-23;MD005;1202;19;;;;EUR
ALA;1;01/03/2023;mar-23;MD005;3159;25;;;;EUR
ALA;1;01/04/2023;abr-23;MD005;4076;23,5;;;;EUR
ALA;1;01/05/2023;may-23;MD005;3240;19;;;;EUR
ALA;1;01/06/2023;jun-23;MD005;5436;13;;;;EUR
ALA;1;01/07/2023;jul-23;MD005;9303;15;;;;EUR
ALA;1;01/08/2023;ago-23;MD005;10728;21,5;;;;EUR
ALA;1;01/09/2023;sep-23;MD005;12681;18;;;;EUR
ALA;1;01/10/2023;oct-23;MD005;8860;19,5;;;;EUR
ALA;1;01/11/2023;nov-23;MD005;15147;19,5;;;;EUR
ALA;1;01/12/2023;dic-23;MD005;12732;16;;;;EUR
ALC;3;01/01/2023;ene-23;MD005;122;20,5;;;;EUR
ALC;3;01/02/2023;feb-23;MD005;142;19;;;;EUR
ALC;3;01/03/2023;mar-23;MD005;288;25;;;;EUR
ALC;3;01/04/2023;abr-23;MD005;280;23,5;;;;EUR
ALC;3;01/05/2023;may-23;MD005;280;19;;;;EUR
ALC;3;01/06/2023;jun-23;MD005;654;13;;;;EUR
ALC;3;01/07/2023;jul-23;MD005;371;15;;;;EUR
ALC;3;01/08/2023;ago-23;MD005;632;21,5;;;;EUR
ALC;3;01/09/2023;sep-23;MD005;720;18;;;;EUR
ALC;3;01/10/2023;oct-23;MD005;1450;19,5;;;;EUR
ALC;3;01/11/2023;nov-23;MD005;1045;19,5;;;;EUR
ALC;3;01/12/2023;dic-23;MD005;1224;16;;;;EUR
ALM;4;01/01/2023;ene-23;MD005;1185;20,5;;;;EUR
ALM;4;01/02/2023;feb-23;MD005;2938;19;;;;EUR
ALM;4;01/03/2023;mar-23;MD005;4002;25;;;;EUR
ALM;4;01/04/2023;abr-23;MD005;5548;23,5;;;;EUR
ALM;4;01/05/2023;may-23;MD005;5840;19;;;;EUR
ALM;4;01/06/2023;jun-23;MD005;8880;13;;;;EUR
ALM;4;01/07/2023;jul-23;MD005;9625;15;;;;EUR
ALM;4;01/08/2023;ago-23;MD005;11176;21,5;;;;EUR
ALM;4;01/09/2023;sep-23;MD005;11070;18;;;;EUR
ALM;4;01/10/2023;oct-23;MD005;10320;19,5;;;;EUR
ALM;4;01/11/2023;nov-23;MD005;16500;19,5;;;;EUR
ALM;4;01/12/2023;dic-23;MD005;13248;16;;;;EUR
AST;33;01/01/2023;ene-23;MD005;12386;20,5;;;;EUR
AST;33;01/02/2023;feb-23;MD005;30272;19;;;;EUR
AST;33;01/03/2023;mar-23;MD005;35640;25;;;;EUR
AST;33;01/04/2023;abr-23;MD005;63888;23,5;;;;EUR
AST;33;01/05/2023;may-23;MD005;70345;19;;;;EUR
AST;33;01/06/2023;jun-23;MD005;79200;13;;;;EUR
AST;33;01/07/2023;jul-23;MD005;106645;15;;;;EUR
AST;33;01/08/2023;ago-23;MD005;102608;21,5;;;;EUR
AST;33;01/09/2023;sep-23;MD005;135828;18;;;;EUR
AST;33;01/10/2023;oct-23;MD005;132550;19,5;;;;EUR
AST;33;01/11/2023;nov-23;MD005;178233;19,5;;;;EUR
AST;33;01/12/2023;dic-23;MD005;181500;16;;;;EUR
BCN;8;01/01/2023;ene-23;MD005;106;15,5;;;;EUR
BCN;8;01/02/2023;feb-23;MD005;288;19;;;;EUR
BCN;8;01/03/2023;mar-23;MD005;321;25;;;;EUR
BCN;8;01/04/2023;abr-23;MD005;520;23,5;;;;EUR
BCN;8;01/05/2023;may-23;MD005;690;19;;;;EUR
BCN;8;01/06/2023;jun-23;MD005;612;13;;;;EUR
BCN;8;01/07/2023;jul-23;MD005;826;15;;;;EUR
BCN;8;01/08/2023;ago-23;MD005;984;21,5;;;;EUR
BCN;8;01/09/2023;sep-23;MD005;918;18;;;;EUR
BCN;8;01/10/2023;oct-23;MD005;1160;19,5;;;;EUR
BCN;8;01/11/2023;nov-23;MD005;1463;19,5;;;;EUR
BCN;8;01/12/2023;dic-23;MD005;1284;16;;;;EUR
BIZ;48;01/01/2023;ene-23;MD005;122;20,5;;;;EUR
BIZ;48;01/02/2023;feb-23;MD005;268;19;;;;EUR
BIZ;48;01/03/2023;mar-23;MD005;375;25;;;;EUR
BIZ;48;01/04/2023;abr-23;MD005;408;23,5;;;;EUR
BIZ;48;01/05/2023;may-23;MD005;685;19;;;;EUR
BIZ;48;01/06/2023;jun-23;MD005;750;13;;;;EUR
BIZ;48;01/07/2023;jul-23;MD005;896;15;;;;EUR
BIZ;48;01/08/2023;ago-23;MD005;1152;21,5;;;;EUR
BIZ;48;01/09/2023;sep-23;MD005;1215;18;;;;EUR
BIZ;48;01/10/2023;oct-23;MD005;1420;19,5;;;;EUR
BIZ;48;01/11/2023;nov-23;MD005;1496;19,5;;;;EUR
BIZ;48;01/12/2023;dic-23;MD005;1596;16;;;;EUR
CAD;11;01/01/2023;ene-23;MD005;124;20,5;;;;EUR
CAD;11;01/02/2023;feb-23;MD005;250;19;;;;EUR
CAD;11;01/03/2023;mar-23;MD005;342;25;;;;EUR
CAD;11;01/04/2023;abr-23;MD005;556;23,5;;;;EUR
CAD;11;01/05/2023;may-23;MD005;565;19;;;;EUR
CAD;11;01/06/2023;jun-23;MD005;876;13;;;;EUR
CAD;11;01/07/2023;jul-23;MD005;994;15;;;;EUR
CAD;11;01/08/2023;ago-23;MD005;928;21,5;;;;EUR
CAD;11;01/09/2023;sep-23;MD005;1143;18;;;;EUR
CAD;11;01/10/2023;oct-23;MD005;1450;19,5;;;;EUR
CAD;11;01/11/2023;nov-23;MD005;1408;19,5;;;;EUR
CAD;11;01/12/2023;dic-23;MD005;1440;16;;;;EUR
COR;14;01/01/2023;ene-23;MD005;48;5,5;;;;EUR
COR;14;01/02/2023;feb-23;MD005;144;19;;;;EUR
COR;14;01/03/2023;mar-23;MD005;237;25;;;;EUR
COR;14;01/04/2023;abr-23;MD005;240;23,5;;;;EUR
COR;14;01/05/2023;may-23;MD005;225;19;;;;EUR
COR;14;01/06/2023;jun-23;MD005;744;13;;;;EUR
COR;14;01/07/2023;jul-23;MD005;343;15;;;;EUR
COR;14;01/08/2023;ago-23;MD005;576;21,5;;;;EUR
COR;14;01/09/2023;sep-23;MD005;1179;18;;;;EUR
COR;14;01/10/2023;oct-23;MD005;140;19,5;;;;EUR
COR;14;01/11/2023;nov-23;MD005;990;19,5;;;;EUR
COR;14;01/12/2023;dic-23;MD005;1356;16;;;;EUR
GIR;17;01/01/2023;ene-23;MD005;1051;20,5;;;;EUR
GIR;17;01/02/2023;feb-23;MD005;2702;19;;;;EUR
GIR;17;01/03/2023;mar-23;MD005;3696;25;;;;EUR
GIR;17;01/04/2023;abr-23;MD005;4488;23,5;;;;EUR
GIR;17;01/05/2023;may-23;MD005;6565;19;;;;EUR
GIR;17;01/06/2023;jun-23;MD005;8664;13;;;;EUR
GIR;17;01/07/2023;jul-23;MD005;7679;15;;;;EUR
GIR;17;01/08/2023;ago-23;MD005;10448;21,5;;;;EUR
GIR;17;01/09/2023;sep-23;MD005;11538;18;;;;EUR
GIR;17;01/10/2023;oct-23;MD005;13270;19,5;;;;EUR
GIR;17;01/11/2023;nov-23;MD005;14234;19,5;;;;EUR
GIR;17;01/12/2023;dic-23;MD005;15888;16;;;;EUR
GIP;20;01/01/2023;ene-23;MD005;1386;20,5;;;;EUR
GIP;20;01/02/2023;feb-23;MD005;1414;19;;;;EUR
GIP;20;01/03/2023;mar-23;MD005;2721;25;;;;EUR
GIP;20;01/04/2023;abr-23;MD005;3220;23,5;;;;EUR
GIP;20;01/05/2023;may-23;MD005;5355;19;;;;EUR
GIP;20;01/06/2023;jun-23;MD005;4536;13;;;;EUR
GIP;20;01/07/2023;jul-23;MD005;10402;15;;;;EUR
GIP;20;01/08/2023;ago-23;MD005;11848;21,5;;;;EUR
GIP;20;01/09/2023;sep-23;MD005;8217;18;;;;EUR
GIP;20;01/10/2023;oct-23;MD005;14830;19,5;;;;EUR
GIP;20;01/11/2023;nov-23;MD005;1991;19,5;;;;EUR
GIP;20;01/12/2023;dic-23;MD005;9144;16;;;;EUR
GRA;18;01/01/2023;ene-23;MD005;14626;20,5;;;;EUR
GRA;18;01/02/2023;feb-23;MD005;10724;19;;;;EUR
GRA;18;01/03/2023;mar-23;MD005;16503;25;;;;EUR
GRA;18;01/04/2023;abr-23;MD005;52552;23,5;;;;EUR
GRA;18;01/05/2023;may-23;MD005;42000;19;;;;EUR
GRA;18;01/06/2023;jun-23;MD005;11898;13;;;;EUR
GRA;18;01/07/2023;jul-23;MD005;67641;15;;;;EUR
GRA;18;01/08/2023;ago-23;MD005;79440;21,5;;;;EUR
GRA;18;01/09/2023;sep-23;MD005;69165;18;;;;EUR
GRA;18;01/10/2023;oct-23;MD005;45950;19,5;;;;EUR
GRA;18;01/11/2023;nov-23;MD005;141064;19,5;;;;EUR
GRA;18;01/12/2023;dic-23;MD005;104316;16;;;;EUR
BAL;7;01/01/2023;ene-23;MD005;138;20,5;;;;EUR
BAL;7;01/02/2023;feb-23;MD005;192;19;;;;EUR
BAL;7;01/03/2023;mar-23;MD005;285;25;;;;EUR
BAL;7;01/04/2023;abr-23;MD005;308;23,5;;;;EUR
BAL;7;01/05/2023;may-23;MD005;285;19;;;;EUR
BAL;7;01/06/2023;jun-23;MD005;60;3;;;;EUR
BAL;7;01/07/2023;jul-23;MD005;903;15;;;;EUR
BAL;7;01/08/2023;ago-23;MD005;888;21,5;;;;EUR
BAL;7;01/09/2023;sep-23;MD005;1215;18;;;;EUR
BAL;7;01/10/2023;oct-23;MD005;430;19,5;;;;EUR
BAL;7;01/11/2023;nov-23;MD005;1331;19,5;;;;EUR
BAL;7;01/12/2023;dic-23;MD005;996;16;;;;EUR
LPA;35;01/01/2023;ene-23;MD005;1186;20,5;;;;EUR
LPA;35;01/02/2023;feb-23;MD005;2524;19;;;;EUR
LPA;35;01/03/2023;mar-23;MD005;4017;25;;;;EUR
LPA;35;01/04/2023;abr-23;MD005;5272;23,5;;;;EUR
LPA;35;01/05/2023;may-23;MD005;5190;19;;;;EUR
LPA;35;01/06/2023;jun-23;MD005;8286;13;;;;EUR
LPA;35;01/07/2023;jul-23;MD005;9737;15;;;;EUR
LPA;35;01/08/2023;ago-23;MD005;9664;21,5;;;;EUR
LPA;35;01/09/2023;sep-23;MD005;11385;18;;;;EUR
LPA;35;01/10/2023;oct-23;MD005;11000;19,5;;;;EUR
LPA;35;01/11/2023;nov-23;MD005;16038;19,5;;;;EUR
LPA;35;01/12/2023;dic-23;MD005;15552;16;;;;EUR
LEO;24;01/01/2023;ene-23;MD005;1383;20,5;;;;EUR
LEO;24;01/02/2023;feb-23;MD005;2178;19;;;;EUR
LEO;24;01/03/2023;mar-23;MD005;3993;25;;;;EUR
LEO;24;01/04/2023;abr-23;MD005;5752;23,5;;;;EUR
LEO;24;01/05/2023;may-23;MD005;5660;19;;;;EUR
LEO;24;01/06/2023;jun-23;MD005;8628;13;;;;EUR
LEO;24;01/07/2023;jul-23;MD005;8792;15;;;;EUR
LEO;24;01/08/2023;ago-23;MD005;11616;21,5;;;;EUR
LEO;24;01/09/2023;sep-23;MD005;9072;18;;;;EUR
LEO;24;01/10/2023;oct-23;MD005;10940;19,5;;;;EUR
LEO;24;01/11/2023;nov-23;MD005;15972;19,5;;;;EUR
LEO;24;01/12/2023;dic-23;MD005;16860;16;;;;EUR
LLE;25;01/01/2023;ene-23;MD005;109;15,5;;;;EUR
LLE;25;01/02/2023;feb-23;MD005;34;4;;;;EUR
LLE;25;01/03/2023;mar-23;MD005;126;25;;;;EUR
LLE;25;01/04/2023;abr-23;MD005;580;23,5;;;;EUR
LLE;25;01/05/2023;may-23;MD005;245;19;;;;EUR
LLE;25;01/06/2023;jun-23;MD005;732;13;;;;EUR
LLE;25;01/07/2023;jul-23;MD005;560;15;;;;EUR
LLE;25;01/08/2023;ago-23;MD005;488;21,5;;;;EUR
LLE;25;01/09/2023;sep-23;MD005;1053;18;;;;EUR
LLE;25;01/10/2023;oct-23;MD005;1250;19,5;;;;EUR
LLE;25;01/11/2023;nov-23;MD005;1617;19,5;;;;EUR
LLE;25;01/12/2023;dic-23;MD005;1788;16;;;;EUR
OUR;32;01/01/2023;ene-23;MD005;1048;20,5;;;;EUR
OUR;32;01/02/2023;feb-23;MD005;2574;19;;;;EUR
OUR;32;01/03/2023;mar-23;MD005;3942;25;;;;EUR
OUR;32;01/04/2023;abr-23;MD005;4188;23,5;;;;EUR
OUR;32;01/05/2023;may-23;MD005;5490;19;;;;EUR
OUR;32;01/06/2023;jun-23;MD005;7962;13;;;;EUR
OUR;32;01/07/2023;jul-23;MD005;7154;15;;;;EUR
OUR;32;01/08/2023;ago-23;MD005;11528;21,5;;;;EUR
OUR;32;01/09/2023;sep-23;MD005;10377;18;;;;EUR
OUR;32;01/10/2023;oct-23;MD005;11620;19,5;;;;EUR
OUR;32;01/11/2023;nov-23;MD005;13805;19,5;;;;EUR
OUR;32;01/12/2023;dic-23;MD005;16800;16;;;;EUR
SEV;41;01/01/2023;ene-23;MD005;1215;20,5;;;;EUR
SEV;41;01/02/2023;feb-23;MD005;2932;19;;;;EUR
SEV;41;01/03/2023;mar-23;MD005;3087;25;;;;EUR
SEV;41;01/04/2023;abr-23;MD005;4172;23,5;;;;EUR
SEV;41;01/05/2023;may-23;MD005;6230;19;;;;EUR
SEV;41;01/06/2023;jun-23;MD005;7320;13;;;;EUR
SEV;41;01/07/2023;jul-23;MD005;10388;15;;;;EUR
SEV;41;01/08/2023;ago-23;MD005;11392;21,5;;;;EUR
SEV;41;01/09/2023;sep-23;MD005;12204;18;;;;EUR
SEV;41;01/10/2023;oct-23;MD005;11310;19,5;;;;EUR
SEV;41;01/11/2023;nov-23;MD005;14564;19,5;;;;EUR
SEV;41;01/12/2023;dic-23;MD005;14604;16;;;;EUR
MAD;28;01/01/2023;ene-23;MD005;735;20,5;;;;EUR
MAD;28;01/02/2023;feb-23;MD005;1456;19;;;;EUR
MAD;28;01/03/2023;mar-23;MD005;1515;25;;;;EUR
MAD;28;01/04/2023;abr-23;MD005;2520;23,5;;;;EUR
MAD;28;01/05/2023;may-23;MD005;3120;19;;;;EUR
MAD;28;01/06/2023;jun-23;MD005;3936;13;;;;EUR
MAD;28;01/07/2023;jul-23;MD005;5243;15;;;;EUR
MAD;28;01/08/2023;ago-23;MD005;4336;21,5;;;;EUR
MAD;28;01/09/2023;sep-23;MD005;5490;18;;;;EUR
MAD;28;01/10/2023;oct-23;MD005;6950;19,5;;;;EUR
MAD;28;01/11/2023;nov-23;MD005;6050;19,5;;;;EUR
MAD;28;01/12/2023;dic-23;MD005;8772;16;;;;EUR
MUR;30;01/01/2023;ene-23;MD005;729;20,5;;;;EUR
MUR;30;01/02/2023;feb-23;MD005;1160;19;;;;EUR
MUR;30;01/03/2023;mar-23;MD005;2061;25;;;;EUR
MUR;30;01/04/2023;abr-23;MD005;2664;23,5;;;;EUR
MUR;30;01/05/2023;may-23;MD005;3610;19;;;;EUR
MUR;30;01/06/2023;jun-23;MD005;4308;13;;;;EUR
MUR;30;01/07/2023;jul-23;MD005;4550;15;;;;EUR
MUR;30;01/08/2023;ago-23;MD005;4888;21,5;;;;EUR
MUR;30;01/09/2023;sep-23;MD005;5751;18;;;;EUR
MUR;30;01/10/2023;oct-23;MD005;5350;19,5;;;;EUR
MUR;30;01/11/2023;nov-23;MD005;7293;19,5;;;;EUR
MUR;30;01/12/2023;dic-23;MD005;6300;16;;;;EUR
MLG;29;01/01/2023;ene-23;MD005;27;5,5;;;;EUR
MLG;29;01/02/2023;feb-23;MD005;86;14;;;;EUR
MLG;29;01/03/2023;mar-23;MD005;237;25;;;;EUR
MLG;29;01/04/2023;abr-23;MD005;512;23,5;;;;EUR
MLG;29;01/05/2023;may-23;MD005;150;19;;;;EUR
MLG;29;01/06/2023;jun-23;MD005;690;13;;;;EUR
MLG;29;01/07/2023;jul-23;MD005;910;15;;;;EUR
MLG;29;01/08/2023;ago-23;MD005;1080;21,5;;;;EUR
MLG;29;01/09/2023;sep-23;MD005;486;18;;;;EUR
MLG;29;01/10/2023;oct-23;MD005;410;19,5;;;;EUR
MLG;29;01/11/2023;nov-23;MD005;1474;19,5;;;;EUR
MLG;29;01/12/2023;dic-23;MD005;720;16;;;;EUR
TGN;43;01/01/2023;ene-23;MD005;563;20,5;;;;EUR
TGN;43;01/02/2023;feb-23;MD005;1306;19;;;;EUR
TGN;43;01/03/2023;mar-23;MD005;1539;25;;;;EUR
TGN;43;01/04/2023;abr-23;MD005;2252;23,5;;;;EUR
TGN;43;01/05/2023;may-23;MD005;3660;19;;;;EUR
TGN;43;01/06/2023;jun-23;MD005;4230;13;;;;EUR
TGN;43;01/07/2023;jul-23;MD005;4774;15;;;;EUR
TGN;43;01/08/2023;ago-23;MD005;4848;21,5;;;;EUR
TGN;43;01/09/2023;sep-23;MD005;5598;18;;;;EUR
TGN;43;01/10/2023;oct-23;MD005;5950;19,5;;;;EUR
TGN;43;01/11/2023;nov-23;MD005;5841;19,5;;;;EUR
TGN;43;01/12/2023;dic-23;MD005;6660;16;;;;EUR
ZAR;50;01/01/2023;ene-23;MD005;23;0,5;;;;EUR
ZAR;50;01/02/2023;feb-23;MD005;204;19;;;;EUR
ZAR;50;01/03/2023;mar-23;MD005;405;25;;;;EUR
ZAR;50;01/04/2023;abr-23;MD005;288;23,5;;;;EUR
ZAR;50;01/05/2023;may-23;MD005;195;19;;;;EUR
ZAR;50;01/06/2023;jun-23;MD005;462;13;;;;EUR
ZAR;50;01/07/2023;jul-23;MD005;840;15;;;;EUR
ZAR;50;01/08/2023;ago-23;MD005;848;21,5;;;;EUR
ZAR;50;01/09/2023;sep-23;MD005;423;18;;;;EUR
ZAR;50;01/10/2023;oct-23;MD005;1250;19,5;;;;EUR
ZAR;50;01/11/2023;nov-23;MD005;451;19,5;;;;EUR
ZAR;50;01/12/2023;dic-23;MD005;1476;16;;;;EUR
ACO;15;01/01/2023;ene-23;CF001;7818;25;;;;EUR
ACO;15;01/02/2023;feb-23;CF001;22552;18;;;;EUR
ACO;15;01/03/2023;mar-23;CF001;15726;24,5;;;;EUR
ACO;15;01/04/2023;abr-23;CF001;36168;22,5;;;;EUR
ACO;15;01/05/2023;may-23;CF001;37915;25;;;;EUR
ACO;15;01/06/2023;jun-23;CF001;39036;24,5;;;;EUR
ACO;15;01/07/2023;jul-23;CF001;48160;14;;;;EUR
ACO;15;01/08/2023;ago-23;CF001;111040;21;;;;EUR
ACO;15;01/09/2023;sep-23;CF001;55458;17;;;;EUR
ACO;15;01/10/2023;oct-23;CF001;66580;19;;;;EUR
ACO;15;01/11/2023;nov-23;CF001;149787;19;;;;EUR
ACO;15;01/12/2023;dic-23;CF001;155952;14,5;;;;EUR
ALA;1;01/01/2023;ene-23;CF001;610;25;;;;EUR
ALA;1;01/02/2023;feb-23;CF001;1978;18;;;;EUR
ALA;1;01/03/2023;mar-23;CF001;2199;24,5;;;;EUR
ALA;1;01/04/2023;abr-23;CF001;5500;22,5;;;;EUR
ALA;1;01/05/2023;may-23;CF001;6840;25;;;;EUR
ALA;1;01/06/2023;jun-23;CF001;6654;24,5;;;;EUR
ALA;1;01/07/2023;jul-23;CF001;9352;14;;;;EUR
ALA;1;01/08/2023;ago-23;CF001;6312;21;;;;EUR
ALA;1;01/09/2023;sep-23;CF001;12267;17;;;;EUR
ALA;1;01/10/2023;oct-23;CF001;10160;19;;;;EUR
ALA;1;01/11/2023;nov-23;CF001;13959;19;;;;EUR
ALA;1;01/12/2023;dic-23;CF001;6852;14,5;;;;EUR
ALC;3;01/01/2023;ene-23;CF001;54;15,5;;;;EUR
ALC;3;01/02/2023;feb-23;CF001;296;18;;;;EUR
ALC;3;01/03/2023;mar-23;CF001;159;24,5;;;;EUR
ALC;3;01/04/2023;abr-23;CF001;384;22,5;;;;EUR
ALC;3;01/05/2023;may-23;CF001;445;25;;;;EUR
ALC;3;01/06/2023;jun-23;CF001;684;24,5;;;;EUR
ALC;3;01/07/2023;jul-23;CF001;1001;14;;;;EUR
ALC;3;01/08/2023;ago-23;CF001;680;21;;;;EUR
ALC;3;01/09/2023;sep-23;CF001;486;17;;;;EUR
ALC;3;01/10/2023;oct-23;CF001;810;19;;;;EUR
ALC;3;01/11/2023;nov-23;CF001;1144;19;;;;EUR
ALC;3;01/12/2023;dic-23;CF001;732;14,5;;;;EUR
ALM;4;01/01/2023;ene-23;CF001;1306;25;;;;EUR
ALM;4;01/02/2023;feb-23;CF001;2754;18;;;;EUR
ALM;4;01/03/2023;mar-23;CF001;3081;24,5;;;;EUR
ALM;4;01/04/2023;abr-23;CF001;5624;22,5;;;;EUR
ALM;4;01/05/2023;may-23;CF001;7465;25;;;;EUR
ALM;4;01/06/2023;jun-23;CF001;7638;24,5;;;;EUR
ALM;4;01/07/2023;jul-23;CF001;9310;14;;;;EUR
ALM;4;01/08/2023;ago-23;CF001;8624;21;;;;EUR
ALM;4;01/09/2023;sep-23;CF001;9441;17;;;;EUR
ALM;4;01/10/2023;oct-23;CF001;13070;19;;;;EUR
ALM;4;01/11/2023;nov-23;CF001;13772;19;;;;EUR
ALM;4;01/12/2023;dic-23;CF001;17160;14,5;;;;EUR
AST;33;01/01/2023;ene-23;CF001;11110;25;;;;EUR
AST;33;01/02/2023;feb-23;CF001;28600;18;;;;EUR
AST;33;01/03/2023;mar-23;CF001;41943;24,5;;;;EUR
AST;33;01/04/2023;abr-23;CF001;50204;22,5;;;;EUR
AST;33;01/05/2023;may-23;CF001;68805;25;;;;EUR
AST;33;01/06/2023;jun-23;CF001;73062;24,5;;;;EUR
AST;33;01/07/2023;jul-23;CF001;109263;14;;;;EUR
AST;33;01/08/2023;ago-23;CF001;128216;21;;;;EUR
AST;33;01/09/2023;sep-23;CF001;107415;17;;;;EUR
AST;33;01/10/2023;oct-23;CF001;133650;19;;;;EUR
AST;33;01/11/2023;nov-23;CF001;171457;19;;;;EUR
AST;33;01/12/2023;dic-23;CF001;143880;14,5;;;;EUR
BCN;8;01/01/2023;ene-23;CF001;148;25;;;;EUR
BCN;8;01/02/2023;feb-23;CF001;254;18;;;;EUR
BCN;8;01/03/2023;mar-23;CF001;405;24,5;;;;EUR
BCN;8;01/04/2023;abr-23;CF001;464;22,5;;;;EUR
BCN;8;01/05/2023;may-23;CF001;550;25;;;;EUR
BCN;8;01/06/2023;jun-23;CF001;702;24,5;;;;EUR
BCN;8;01/07/2023;jul-23;CF001;840;14;;;;EUR
BCN;8;01/08/2023;ago-23;CF001;1184;21;;;;EUR
BCN;8;01/09/2023;sep-23;CF001;1161;17;;;;EUR
BCN;8;01/10/2023;oct-23;CF001;1230;19;;;;EUR
BCN;8;01/11/2023;nov-23;CF001;1628;19;;;;EUR
BCN;8;01/12/2023;dic-23;CF001;1200;14,5;;;;EUR
BIZ;48;01/01/2023;ene-23;CF001;111;20,5;;;;EUR
BIZ;48;01/02/2023;feb-23;CF001;284;18;;;;EUR
BIZ;48;01/03/2023;mar-23;CF001;381;24,5;;;;EUR
BIZ;48;01/04/2023;abr-23;CF001;512;22,5;;;;EUR
BIZ;48;01/05/2023;may-23;CF001;600;25;;;;EUR
BIZ;48;01/06/2023;jun-23;CF001;642;24,5;;;;EUR
BIZ;48;01/07/2023;jul-23;CF001;924;14;;;;EUR
BIZ;48;01/08/2023;ago-23;CF001;920;21;;;;EUR
BIZ;48;01/09/2023;sep-23;CF001;918;17;;;;EUR
BIZ;48;01/10/2023;oct-23;CF001;1300;19;;;;EUR
BIZ;48;01/11/2023;nov-23;CF001;1188;19;;;;EUR
BIZ;48;01/12/2023;dic-23;CF001;1440;14,5;;;;EUR
CAD;11;01/01/2023;ene-23;CF001;136;25;;;;EUR
CAD;11;01/02/2023;feb-23;CF001;256;18;;;;EUR
CAD;11;01/03/2023;mar-23;CF001;414;24,5;;;;EUR
CAD;11;01/04/2023;abr-23;CF001;504;22,5;;;;EUR
CAD;11;01/05/2023;may-23;CF001;595;25;;;;EUR
CAD;11;01/06/2023;jun-23;CF001;684;24,5;;;;EUR
CAD;11;01/07/2023;jul-23;CF001;770;14;;;;EUR
CAD;11;01/08/2023;ago-23;CF001;1160;21;;;;EUR
CAD;11;01/09/2023;sep-23;CF001;900;17;;;;EUR
CAD;11;01/10/2023;oct-23;CF001;1400;19;;;;EUR
CAD;11;01/11/2023;nov-23;CF001;1463;19;;;;EUR
CAD;11;01/12/2023;dic-23;CF001;1356;14,5;;;;EUR
COR;14;01/01/2023;ene-23;CF001;91;20,5;;;;EUR
COR;14;01/02/2023;feb-23;CF001;152;18;;;;EUR
COR;14;01/03/2023;mar-23;CF001;438;24,5;;;;EUR
COR;14;01/04/2023;abr-23;CF001;524;22,5;;;;EUR
COR;14;01/05/2023;may-23;CF001;675;25;;;;EUR
COR;14;01/06/2023;jun-23;CF001;606;24,5;;;;EUR
COR;14;01/07/2023;jul-23;CF001;91;9;;;;EUR
COR;14;01/08/2023;ago-23;CF001;856;21;;;;EUR
COR;14;01/09/2023;sep-23;CF001;153;17;;;;EUR
COR;14;01/10/2023;oct-23;CF001;1410;19;;;;EUR
COR;14;01/11/2023;nov-23;CF001;1155;19;;;;EUR
COR;14;01/12/2023;dic-23;CF001;1128;14,5;;;;EUR
GIR;17;01/01/2023;ene-23;CF001;1172;25;;;;EUR
GIR;17;01/02/2023;feb-23;CF001;2136;18;;;;EUR
GIR;17;01/03/2023;mar-23;CF001;4329;24,5;;;;EUR
GIR;17;01/04/2023;abr-23;CF001;5064;22,5;;;;EUR
GIR;17;01/05/2023;may-23;CF001;5060;25;;;;EUR
GIR;17;01/06/2023;jun-23;CF001;7866;24,5;;;;EUR
GIR;17;01/07/2023;jul-23;CF001;8484;14;;;;EUR
GIR;17;01/08/2023;ago-23;CF001;11280;21;;;;EUR
GIR;17;01/09/2023;sep-23;CF001;11898;17;;;;EUR
GIR;17;01/10/2023;oct-23;CF001;14310;19;;;;EUR
GIR;17;01/11/2023;nov-23;CF001;15323;19;;;;EUR
GIR;17;01/12/2023;dic-23;CF001;12936;14,5;;;;EUR
GIP;20;01/01/2023;ene-23;CF001;793;25;;;;EUR
GIP;20;01/02/2023;feb-23;CF001;956;18;;;;EUR
GIP;20;01/03/2023;mar-23;CF001;477;24,5;;;;EUR
GIP;20;01/04/2023;abr-23;CF001;2856;22,5;;;;EUR
GIP;20;01/05/2023;may-23;CF001;1980;25;;;;EUR
GIP;20;01/06/2023;jun-23;CF001;4680;24,5;;;;EUR
GIP;20;01/07/2023;jul-23;CF001;4942;14;;;;EUR
GIP;20;01/08/2023;ago-23;CF001;2480;21;;;;EUR
GIP;20;01/09/2023;sep-23;CF001;11160;17;;;;EUR
GIP;20;01/10/2023;oct-23;CF001;5730;19;;;;EUR
GIP;20;01/11/2023;nov-23;CF001;1320;19;;;;EUR
GIP;20;01/12/2023;dic-23;CF001;2376;14,5;;;;EUR
GRA;18;01/01/2023;ene-23;CF001;3547;25;;;;EUR
GRA;18;01/02/2023;feb-23;CF001;23534;18;;;;EUR
GRA;18;01/03/2023;mar-23;CF001;8457;24,5;;;;EUR
GRA;18;01/04/2023;abr-23;CF001;55996;22,5;;;;EUR
GRA;18;01/05/2023;may-23;CF001;8365;25;;;;EUR
GRA;18;01/06/2023;jun-23;CF001;15372;24,5;;;;EUR
GRA;18;01/07/2023;jul-23;CF001;93464;14;;;;EUR
GRA;18;01/08/2023;ago-23;CF001;38232;21;;;;EUR
GRA;18;01/09/2023;sep-23;CF001;101889;17;;;;EUR
GRA;18;01/10/2023;oct-23;CF001;13820;19;;;;EUR
GRA;18;01/11/2023;nov-23;CF001;53867;19;;;;EUR
GRA;18;01/12/2023;dic-23;CF001;22272;14,5;;;;EUR
BAL;7;01/01/2023;ene-23;CF001;150;25;;;;EUR
BAL;7;01/02/2023;feb-23;CF001;190;18;;;;EUR
BAL;7;01/03/2023;mar-23;CF001;228;24,5;;;;EUR
BAL;7;01/04/2023;abr-23;CF001;104;17,5;;;;EUR
BAL;7;01/05/2023;may-23;CF001;115;20;;;;EUR
BAL;7;01/06/2023;jun-23;CF001;540;24,5;;;;EUR
BAL;7;01/07/2023;jul-23;CF001;819;14;;;;EUR
BAL;7;01/08/2023;ago-23;CF001;1072;21;;;;EUR
BAL;7;01/09/2023;sep-23;CF001;792;17;;;;EUR
BAL;7;01/10/2023;oct-23;CF001;400;19;;;;EUR
BAL;7;01/11/2023;nov-23;CF001;176;19;;;;EUR
BAL;7;01/12/2023;dic-23;CF001;1692;14,5;;;;EUR
LPA;35;01/01/2023;ene-23;CF001;1491;25;;;;EUR
LPA;35;01/02/2023;feb-23;CF001;2014;18;;;;EUR
LPA;35;01/03/2023;mar-23;CF001;3648;24,5;;;;EUR
LPA;35;01/04/2023;abr-23;CF001;5512;22,5;;;;EUR
LPA;35;01/05/2023;may-23;CF001;5955;25;;;;EUR
LPA;35;01/06/2023;jun-23;CF001;6270;24,5;;;;EUR
LPA;35;01/07/2023;jul-23;CF001;8127;14;;;;EUR
LPA;35;01/08/2023;ago-23;CF001;11136;21;;;;EUR
LPA;35;01/09/2023;sep-23;CF001;11646;17;;;;EUR
LPA;35;01/10/2023;oct-23;CF001;10800;19;;;;EUR
LPA;35;01/11/2023;nov-23;CF001;14993;19;;;;EUR
LPA;35;01/12/2023;dic-23;CF001;15720;14,5;;;;EUR
LEO;24;01/01/2023;ene-23;CF001;1437;25;;;;EUR
LEO;24;01/02/2023;feb-23;CF001;2022;18;;;;EUR
LEO;24;01/03/2023;mar-23;CF001;3675;24,5;;;;EUR
LEO;24;01/04/2023;abr-23;CF001;4448;22,5;;;;EUR
LEO;24;01/05/2023;may-23;CF001;6675;25;;;;EUR
LEO;24;01/06/2023;jun-23;CF001;7440;24,5;;;;EUR
LEO;24;01/07/2023;jul-23;CF001;9758;14;;;;EUR
LEO;24;01/08/2023;ago-23;CF001;11256;21;;;;EUR
LEO;24;01/09/2023;sep-23;CF001;12861;17;;;;EUR
LEO;24;01/10/2023;oct-23;CF001;10370;19;;;;EUR
LEO;24;01/11/2023;nov-23;CF001;14256;19;;;;EUR
LEO;24;01/12/2023;dic-23;CF001;15492;14,5;;;;EUR
LLE;25;01/01/2023;ene-23;CF001;104;20,5;;;;EUR
LLE;25;01/02/2023;feb-23;CF001;208;18;;;;EUR
LLE;25;01/03/2023;mar-23;CF001;189;24,5;;;;EUR
LLE;25;01/04/2023;abr-23;CF001;524;22,5;;;;EUR
LLE;25;01/05/2023;may-23;CF001;530;25;;;;EUR
LLE;25;01/06/2023;jun-23;CF001;834;24,5;;;;EUR
LLE;25;01/07/2023;jul-23;CF001;553;14;;;;EUR
LLE;25;01/08/2023;ago-23;CF001;784;21;;;;EUR
LLE;25;01/09/2023;sep-23;CF001;1206;17;;;;EUR
LLE;25;01/10/2023;oct-23;CF001;690;19;;;;EUR
LLE;25;01/11/2023;nov-23;CF001;1408;19;;;;EUR
LLE;25;01/12/2023;dic-23;CF001;1716;14,5;;;;EUR
OUR;32;01/01/2023;ene-23;CF001;1422;25;;;;EUR
OUR;32;01/02/2023;feb-23;CF001;2938;18;;;;EUR
OUR;32;01/03/2023;mar-23;CF001;3933;24,5;;;;EUR
OUR;32;01/04/2023;abr-23;CF001;4044;22,5;;;;EUR
OUR;32;01/05/2023;may-23;CF001;7460;25;;;;EUR
OUR;32;01/06/2023;jun-23;CF001;8892;24,5;;;;EUR
OUR;32;01/07/2023;jul-23;CF001;9289;14;;;;EUR
OUR;32;01/08/2023;ago-23;CF001;10760;21;;;;EUR
OUR;32;01/09/2023;sep-23;CF001;11097;17;;;;EUR
OUR;32;01/10/2023;oct-23;CF001;11510;19;;;;EUR
OUR;32;01/11/2023;nov-23;CF001;14542;19;;;;EUR
OUR;32;01/12/2023;dic-23;CF001;13212;14,5;;;;EUR
SEV;41;01/01/2023;ene-23;CF001;1215;25;;;;EUR
SEV;41;01/02/2023;feb-23;CF001;2172;18;;;;EUR
SEV;41;01/03/2023;mar-23;CF001;3204;24,5;;;;EUR
SEV;41;01/04/2023;abr-23;CF001;4808;22,5;;;;EUR
SEV;41;01/05/2023;may-23;CF001;6270;25;;;;EUR
SEV;41;01/06/2023;jun-23;CF001;7650;24,5;;;;EUR
SEV;41;01/07/2023;jul-23;CF001;8344;14;;;;EUR
SEV;41;01/08/2023;ago-23;CF001;9728;21;;;;EUR
SEV;41;01/09/2023;sep-23;CF001;9000;17;;;;EUR
SEV;41;01/10/2023;oct-23;CF001;11300;19;;;;EUR
SEV;41;01/11/2023;nov-23;CF001;13530;19;;;;EUR
SEV;41;01/12/2023;dic-23;CF001;13044;14,5;;;;EUR
MAD;28;01/01/2023;ene-23;CF001;615;25;;;;EUR
MAD;28;01/02/2023;feb-23;CF001;1278;18;;;;EUR
MAD;28;01/03/2023;mar-23;CF001;1989;24,5;;;;EUR
MAD;28;01/04/2023;abr-23;CF001;2744;22,5;;;;EUR
MAD;28;01/05/2023;may-23;CF001;3595;25;;;;EUR
MAD;28;01/06/2023;jun-23;CF001;4344;24,5;;;;EUR
MAD;28;01/07/2023;jul-23;CF001;4557;14;;;;EUR
MAD;28;01/08/2023;ago-23;CF001;5880;21;;;;EUR
MAD;28;01/09/2023;sep-23;CF001;5346;17;;;;EUR
MAD;28;01/10/2023;oct-23;CF001;7260;19;;;;EUR
MAD;28;01/11/2023;nov-23;CF001;7667;19;;;;EUR
MAD;28;01/12/2023;dic-23;CF001;8184;14,5;;;;EUR
MUR;30;01/01/2023;ene-23;CF001;629;25;;;;EUR
MUR;30;01/02/2023;feb-23;CF001;1420;18;;;;EUR
MUR;30;01/03/2023;mar-23;CF001;1653;24,5;;;;EUR
MUR;30;01/04/2023;abr-23;CF001;2380;22,5;;;;EUR
MUR;30;01/05/2023;may-23;CF001;3175;25;;;;EUR
MUR;30;01/06/2023;jun-23;CF001;3090;24,5;;;;EUR
MUR;30;01/07/2023;jul-23;CF001;3773;14;;;;EUR
MUR;30;01/08/2023;ago-23;CF001;4184;21;;;;EUR
MUR;30;01/09/2023;sep-23;CF001;5625;17;;;;EUR
MUR;30;01/10/2023;oct-23;CF001;5400;19;;;;EUR
MUR;30;01/11/2023;nov-23;CF001;7975;19;;;;EUR
MUR;30;01/12/2023;dic-23;CF001;6336;14,5;;;;EUR
MLG;29;01/01/2023;ene-23;CF001;76;15,5;;;;EUR
MLG;29;01/02/2023;feb-23;CF001;282;18;;;;EUR
MLG;29;01/03/2023;mar-23;CF001;252;24,5;;;;EUR
MLG;29;01/04/2023;abr-23;CF001;128;22,5;;;;EUR
MLG;29;01/05/2023;may-23;CF001;460;25;;;;EUR
MLG;29;01/06/2023;jun-23;CF001;540;24,5;;;;EUR
MLG;29;01/07/2023;jul-23;CF001;693;14;;;;EUR
MLG;29;01/08/2023;ago-23;CF001;536;21;;;;EUR
MLG;29;01/09/2023;sep-23;CF001;972;17;;;;EUR
MLG;29;01/10/2023;oct-23;CF001;1200;19;;;;EUR
MLG;29;01/11/2023;nov-23;CF001;1452;19;;;;EUR
MLG;29;01/12/2023;dic-23;CF001;1236;14,5;;;;EUR
TGN;43;01/01/2023;ene-23;CF001;502;25;;;;EUR
TGN;43;01/02/2023;feb-23;CF001;1338;18;;;;EUR
TGN;43;01/03/2023;mar-23;CF001;2211;24,5;;;;EUR
TGN;43;01/04/2023;abr-23;CF001;2764;22,5;;;;EUR
TGN;43;01/05/2023;may-23;CF001;3615;25;;;;EUR
TGN;43;01/06/2023;jun-23;CF001;3138;24,5;;;;EUR
TGN;43;01/07/2023;jul-23;CF001;5033;14;;;;EUR
TGN;43;01/08/2023;ago-23;CF001;4136;21;;;;EUR
TGN;43;01/09/2023;sep-23;CF001;4518;17;;;;EUR
TGN;43;01/10/2023;oct-23;CF001;5280;19;;;;EUR
TGN;43;01/11/2023;nov-23;CF001;8239;19;;;;EUR
TGN;43;01/12/2023;dic-23;CF001;6024;14,5;;;;EUR
ZAR;50;01/01/2023;ene-23;CF001;39;10,5;;;;EUR
ZAR;50;01/02/2023;feb-23;CF001;202;18;;;;EUR
ZAR;50;01/03/2023;mar-23;CF001;234;24,5;;;;EUR
ZAR;50;01/04/2023;abr-23;CF001;476;22,5;;;;EUR
ZAR;50;01/05/2023;may-23;CF001;200;25;;;;EUR
ZAR;50;01/06/2023;jun-23;CF001;564;24,5;;;;EUR
ZAR;50;01/07/2023;jul-23;CF001;84;9;;;;EUR
ZAR;50;01/08/2023;ago-23;CF001;440;21;;;;EUR
ZAR;50;01/09/2023;sep-23;CF001;387;17;;;;EUR
ZAR;50;01/10/2023;oct-23;CF001;750;19;;;;EUR
ZAR;50;01/11/2023;nov-23;CF001;352;19;;;;EUR
ZAR;50;01/12/2023;dic-23;CF001;396;14,5;;;;EUR
ACO;15;01/01/2023;ene-23;CM002;5765;24,5;;;;EUR
ACO;15;01/02/2023;feb-23;CM002;23928;22,5;;;;EUR
ACO;15;01/03/2023;mar-23;CM002;19428;17;;;;EUR
ACO;15;01/04/2023;abr-23;CM002;39848;25;;;;EUR
ACO;15;01/05/2023;may-23;CM002;73265;22,5;;;;EUR
ACO;15;01/06/2023;jun-23;CM002;66006;17;;;;EUR
ACO;15;01/07/2023;jul-23;CM002;40971;19;;;;EUR
ACO;15;01/08/2023;ago-23;CM002;70816;12,5;;;;EUR
ACO;15;01/09/2023;sep-23;CM002;58149;21,5;;;;EUR
ACO;15;01/10/2023;oct-23;CM002;55570;23,5;;;;EUR
ACO;15;01/11/2023;nov-23;CM002;158807;25;;;;EUR
ACO;15;01/12/2023;dic-23;CM002;135468;25;;;;EUR
ALA;1;01/01/2023;ene-23;CM002;1050;24,5;;;;EUR
ALA;1;01/02/2023;feb-23;CM002;2780;22,5;;;;EUR
ALA;1;01/03/2023;mar-23;CM002;4245;17;;;;EUR
ALA;1;01/04/2023;abr-23;CM002;4440;25;;;;EUR
ALA;1;01/05/2023;may-23;CM002;5760;22,5;;;;EUR
ALA;1;01/06/2023;jun-23;CM002;7386;17;;;;EUR
ALA;1;01/07/2023;jul-23;CM002;3584;19;;;;EUR
ALA;1;01/08/2023;ago-23;CM002;5320;12,5;;;;EUR
ALA;1;01/09/2023;sep-23;CM002;9378;21,5;;;;EUR
ALA;1;01/10/2023;oct-23;CM002;9390;23,5;;;;EUR
ALA;1;01/11/2023;nov-23;CM002;10978;25;;;;EUR
ALA;1;01/12/2023;dic-23;CM002;13248;25;;;;EUR
ALC;3;01/01/2023;ene-23;CM002;126;24,5;;;;EUR
ALC;3;01/02/2023;feb-23;CM002;242;22,5;;;;EUR
ALC;3;01/03/2023;mar-23;CM002;288;17;;;;EUR
ALC;3;01/04/2023;abr-23;CM002;256;25;;;;EUR
ALC;3;01/05/2023;may-23;CM002;340;22,5;;;;EUR
ALC;3;01/06/2023;jun-23;CM002;552;17;;;;EUR
ALC;3;01/07/2023;jul-23;CM002;966;19;;;;EUR
ALC;3;01/08/2023;ago-23;CM002;448;12,5;;;;EUR
ALC;3;01/09/2023;sep-23;CM002;459;21,5;;;;EUR
ALC;3;01/10/2023;oct-23;CM002;860;23,5;;;;EUR
ALC;3;01/11/2023;nov-23;CM002;1045;25;;;;EUR
ALC;3;01/12/2023;dic-23;CM002;936;25;;;;EUR
ALM;4;01/01/2023;ene-23;CM002;1093;24,5;;;;EUR
ALM;4;01/02/2023;feb-23;CM002;2528;22,5;;;;EUR
ALM;4;01/03/2023;mar-23;CM002;3522;17;;;;EUR
ALM;4;01/04/2023;abr-23;CM002;4196;25;;;;EUR
ALM;4;01/05/2023;may-23;CM002;6080;22,5;;;;EUR
ALM;4;01/06/2023;jun-23;CM002;7092;17;;;;EUR
ALM;4;01/07/2023;jul-23;CM002;8358;19;;;;EUR
ALM;4;01/08/2023;ago-23;CM002;11632;12,5;;;;EUR
ALM;4;01/09/2023;sep-23;CM002;13059;21,5;;;;EUR
ALM;4;01/10/2023;oct-23;CM002;12660;23,5;;;;EUR
ALM;4;01/11/2023;nov-23;CM002;16049;25;;;;EUR
ALM;4;01/12/2023;dic-23;CM002;13620;25;;;;EUR
AST;33;01/01/2023;ene-23;CM002;16324;24,5;;;;EUR
AST;33;01/02/2023;feb-23;CM002;26686;22,5;;;;EUR
AST;33;01/03/2023;mar-23;CM002;37290;17;;;;EUR
AST;33;01/04/2023;abr-23;CM002;47696;25;;;;EUR
AST;33;01/05/2023;may-23;CM002;72435;22,5;;;;EUR
AST;33;01/06/2023;jun-23;CM002;93126;17;;;;EUR
AST;33;01/07/2023;jul-23;CM002;90552;19;;;;EUR
AST;33;01/08/2023;ago-23;CM002;115544;12,5;;;;EUR
AST;33;01/09/2023;sep-23;CM002;101475;21,5;;;;EUR
AST;33;01/10/2023;oct-23;CM002;146740;23,5;;;;EUR
AST;33;01/11/2023;nov-23;CM002;144595;25;;;;EUR
AST;33;01/12/2023;dic-23;CM002;185460;25;;;;EUR
BCN;8;01/01/2023;ene-23;CM002;123;24,5;;;;EUR
BCN;8;01/02/2023;feb-23;CM002;216;22,5;;;;EUR
BCN;8;01/03/2023;mar-23;CM002;396;17;;;;EUR
BCN;8;01/04/2023;abr-23;CM002;548;25;;;;EUR
BCN;8;01/05/2023;may-23;CM002;505;22,5;;;;EUR
BCN;8;01/06/2023;jun-23;CM002;834;17;;;;EUR
BCN;8;01/07/2023;jul-23;CM002;966;19;;;;EUR
BCN;8;01/08/2023;ago-23;CM002;1104;12,5;;;;EUR
BCN;8;01/09/2023;sep-23;CM002;1305;21,5;;;;EUR
BCN;8;01/10/2023;oct-23;CM002;1200;23,5;;;;EUR
BCN;8;01/11/2023;nov-23;CM002;1573;25;;;;EUR
BCN;8;01/12/2023;dic-23;CM002;1740;25;;;;EUR
BIZ;48;01/01/2023;ene-23;CM002;129;24,5;;;;EUR
BIZ;48;01/02/2023;feb-23;CM002;226;22,5;;;;EUR
BIZ;48;01/03/2023;mar-23;CM002;357;17;;;;EUR
BIZ;48;01/04/2023;abr-23;CM002;400;25;;;;EUR
BIZ;48;01/05/2023;may-23;CM002;555;22,5;;;;EUR
BIZ;48;01/06/2023;jun-23;CM002;840;17;;;;EUR
BIZ;48;01/07/2023;jul-23;CM002;861;19;;;;EUR
BIZ;48;01/08/2023;ago-23;CM002;960;12,5;;;;EUR
BIZ;48;01/09/2023;sep-23;CM002;1008;21,5;;;;EUR
BIZ;48;01/10/2023;oct-23;CM002;1180;23,5;;;;EUR
BIZ;48;01/11/2023;nov-23;CM002;1122;25;;;;EUR
BIZ;48;01/12/2023;dic-23;CM002;1728;25;;;;EUR
CAD;11;01/01/2023;ene-23;CM002;150;24,5;;;;EUR
CAD;11;01/02/2023;feb-23;CM002;208;22,5;;;;EUR
CAD;11;01/03/2023;mar-23;CM002;450;17;;;;EUR
CAD;11;01/04/2023;abr-23;CM002;544;25;;;;EUR
CAD;11;01/05/2023;may-23;CM002;575;22,5;;;;EUR
CAD;11;01/06/2023;jun-23;CM002;894;17;;;;EUR
CAD;11;01/07/2023;jul-23;CM002;763;19;;;;EUR
CAD;11;01/08/2023;ago-23;CM002;1136;12,5;;;;EUR
CAD;11;01/09/2023;sep-23;CM002;927;21,5;;;;EUR
CAD;11;01/10/2023;oct-23;CM002;1200;23,5;;;;EUR
CAD;11;01/11/2023;nov-23;CM002;1155;25;;;;EUR
CAD;11;01/12/2023;dic-23;CM002;1200;25;;;;EUR
COR;14;01/01/2023;ene-23;CM002;24;4,5;;;;EUR
COR;14;01/02/2023;feb-23;CM002;92;17,5;;;;EUR
COR;14;01/03/2023;mar-23;CM002;240;17;;;;EUR
COR;14;01/04/2023;abr-23;CM002;568;25;;;;EUR
COR;14;01/05/2023;may-23;CM002;595;22,5;;;;EUR
COR;14;01/06/2023;jun-23;CM002;408;17;;;;EUR
COR;14;01/07/2023;jul-23;CM002;805;19;;;;EUR
COR;14;01/08/2023;ago-23;CM002;304;12,5;;;;EUR
COR;14;01/09/2023;sep-23;CM002;756;21,5;;;;EUR
COR;14;01/10/2023;oct-23;CM002;350;23,5;;;;EUR
COR;14;01/11/2023;nov-23;CM002;440;25;;;;EUR
COR;14;01/12/2023;dic-23;CM002;1632;25;;;;EUR
GIR;17;01/01/2023;ene-23;CM002;1038;24,5;;;;EUR
GIR;17;01/02/2023;feb-23;CM002;2580;22,5;;;;EUR
GIR;17;01/03/2023;mar-23;CM002;3195;17;;;;EUR
GIR;17;01/04/2023;abr-23;CM002;4004;25;;;;EUR
GIR;17;01/05/2023;may-23;CM002;7150;22,5;;;;EUR
GIR;17;01/06/2023;jun-23;CM002;6570;17;;;;EUR
GIR;17;01/07/2023;jul-23;CM002;9674;19;;;;EUR
GIR;17;01/08/2023;ago-23;CM002;8416;12,5;;;;EUR
GIR;17;01/09/2023;sep-23;CM002;13086;21,5;;;;EUR
GIR;17;01/10/2023;oct-23;CM002;10560;23,5;;;;EUR
GIR;17;01/11/2023;nov-23;CM002;15708;25;;;;EUR
GIR;17;01/12/2023;dic-23;CM002;12408;25;;;;EUR
GIP;20;01/01/2023;ene-23;CM002;1228;24,5;;;;EUR
GIP;20;01/02/2023;feb-23;CM002;1600;22,5;;;;EUR
GIP;20;01/03/2023;mar-23;CM002;1227;17;;;;EUR
GIP;20;01/04/2023;abr-23;CM002;900;25;;;;EUR
GIP;20;01/05/2023;may-23;CM002;5325;22,5;;;;EUR
GIP;20;01/06/2023;jun-23;CM002;4248;17;;;;EUR
GIP;20;01/07/2023;jul-23;CM002;8785;19;;;;EUR
GIP;20;01/08/2023;ago-23;CM002;8864;12,5;;;;EUR
GIP;20;01/09/2023;sep-23;CM002;4608;21,5;;;;EUR
GIP;20;01/10/2023;oct-23;CM002;12370;23,5;;;;EUR
GIP;20;01/11/2023;nov-23;CM002;5423;25;;;;EUR
GIP;20;01/12/2023;dic-23;CM002;9060;25;;;;EUR
GRA;18;01/01/2023;ene-23;CM002;7703;24,5;;;;EUR
GRA;18;01/02/2023;feb-23;CM002;4464;22,5;;;;EUR
GRA;18;01/03/2023;mar-23;CM002;24681;17;;;;EUR
GRA;18;01/04/2023;abr-23;CM002;40660;25;;;;EUR
GRA;18;01/05/2023;may-23;CM002;38255;22,5;;;;EUR
GRA;18;01/06/2023;jun-23;CM002;43746;17;;;;EUR
GRA;18;01/07/2023;jul-23;CM002;35959;19;;;;EUR
GRA;18;01/08/2023;ago-23;CM002;47712;12,5;;;;EUR
GRA;18;01/09/2023;sep-23;CM002;24813;21,5;;;;EUR
GRA;18;01/10/2023;oct-23;CM002;21570;23,5;;;;EUR
GRA;18;01/11/2023;nov-23;CM002;133936;25;;;;EUR
GRA;18;01/12/2023;dic-23;CM002;54300;25;;;;EUR
BAL;7;01/01/2023;ene-23;CM002;95;19,5;;;;EUR
BAL;7;01/02/2023;feb-23;CM002;294;22,5;;;;EUR
BAL;7;01/03/2023;mar-23;CM002;78;7;;;;EUR
BAL;7;01/04/2023;abr-23;CM002;388;25;;;;EUR
BAL;7;01/05/2023;may-23;CM002;570;22,5;;;;EUR
BAL;7;01/06/2023;jun-23;CM002;96;12;;;;EUR
BAL;7;01/07/2023;jul-23;CM002;931;19;;;;EUR
BAL;7;01/08/2023;ago-23;CM002;1088;12,5;;;;EUR
BAL;7;01/09/2023;sep-23;CM002;972;21,5;;;;EUR
BAL;7;01/10/2023;oct-23;CM002;1260;23,5;;;;EUR
BAL;7;01/11/2023;nov-23;CM002;286;25;;;;EUR
BAL;7;01/12/2023;dic-23;CM002;1080;25;;;;EUR
LPA;35;01/01/2023;ene-23;CM002;1271;24,5;;;;EUR
LPA;35;01/02/2023;feb-23;CM002;2166;22,5;;;;EUR
LPA;35;01/03/2023;mar-23;CM002;3681;17;;;;EUR
LPA;35;01/04/2023;abr-23;CM002;5736;25;;;;EUR
LPA;35;01/05/2023;may-23;CM002;5370;22,5;;;;EUR
LPA;35;01/06/2023;jun-23;CM002;6912;17;;;;EUR
LPA;35;01/07/2023;jul-23;CM002;9639;19;;;;EUR
LPA;35;01/08/2023;ago-23;CM002;8152;12,5;;;;EUR
LPA;35;01/09/2023;sep-23;CM002;9927;21,5;;;;EUR
LPA;35;01/10/2023;oct-23;CM002;14720;23,5;;;;EUR
LPA;35;01/11/2023;nov-23;CM002;15103;25;;;;EUR
LPA;35;01/12/2023;dic-23;CM002;12864;25;;;;EUR
LEO;24;01/01/2023;ene-23;CM002;1044;24,5;;;;EUR
LEO;24;01/02/2023;feb-23;CM002;2548;22,5;;;;EUR
LEO;24;01/03/2023;mar-23;CM002;3888;17;;;;EUR
LEO;24;01/04/2023;abr-23;CM002;4764;25;;;;EUR
LEO;24;01/05/2023;may-23;CM002;6790;22,5;;;;EUR
LEO;24;01/06/2023;jun-23;CM002;7290;17;;;;EUR
LEO;24;01/07/2023;jul-23;CM002;8575;19;;;;EUR
LEO;24;01/08/2023;ago-23;CM002;8864;12,5;;;;EUR
LEO;24;01/09/2023;sep-23;CM002;9396;21,5;;;;EUR
LEO;24;01/10/2023;oct-23;CM002;13380;23,5;;;;EUR
LEO;24;01/11/2023;nov-23;CM002;16049;25;;;;EUR
LEO;24;01/12/2023;dic-23;CM002;13812;25;;;;EUR
LLE;25;01/01/2023;ene-23;CM002;109;19,5;;;;EUR
LLE;25;01/02/2023;feb-23;CM002;230;22,5;;;;EUR
LLE;25;01/03/2023;mar-23;CM002;282;17;;;;EUR
LLE;25;01/04/2023;abr-23;CM002;192;25;;;;EUR
LLE;25;01/05/2023;may-23;CM002;175;22,5;;;;EUR
LLE;25;01/06/2023;jun-23;CM002;336;17;;;;EUR
LLE;25;01/07/2023;jul-23;CM002;91;14;;;;EUR
LLE;25;01/08/2023;ago-23;CM002;920;12,5;;;;EUR
LLE;25;01/09/2023;sep-23;CM002;1116;21,5;;;;EUR
LLE;25;01/10/2023;oct-23;CM002;220;23,5;;;;EUR
LLE;25;01/11/2023;nov-23;CM002;495;25;;;;EUR
LLE;25;01/12/2023;dic-23;CM002;264;25;;;;EUR
OUR;32;01/01/2023;ene-23;CM002;1169;24,5;;;;EUR
OUR;32;01/02/2023;feb-23;CM002;2106;22,5;;;;EUR
OUR;32;01/03/2023;mar-23;CM002;3774;17;;;;EUR
OUR;32;01/04/2023;abr-23;CM002;5452;25;;;;EUR
OUR;32;01/05/2023;may-23;CM002;5005;22,5;;;;EUR
OUR;32;01/06/2023;jun-23;CM002;8988;17;;;;EUR
OUR;32;01/07/2023;jul-23;CM002;10059;19;;;;EUR
OUR;32;01/08/2023;ago-23;CM002;11728;12,5;;;;EUR
OUR;32;01/09/2023;sep-23;CM002;9126;21,5;;;;EUR
OUR;32;01/10/2023;oct-23;CM002;14310;23,5;;;;EUR
OUR;32;01/11/2023;nov-23;CM002;14641;25;;;;EUR
OUR;32;01/12/2023;dic-23;CM002;16668;25;;;;EUR
SEV;41;01/01/2023;ene-23;CM002;1417;24,5;;;;EUR
SEV;41;01/02/2023;feb-23;CM002;2778;22,5;;;;EUR
SEV;41;01/03/2023;mar-23;CM002;4368;17;;;;EUR
SEV;41;01/04/2023;abr-23;CM002;5432;25;;;;EUR
SEV;41;01/05/2023;may-23;CM002;6210;22,5;;;;EUR
SEV;41;01/06/2023;jun-23;CM002;6204;17;;;;EUR
SEV;41;01/07/2023;jul-23;CM002;9443;19;;;;EUR
SEV;41;01/08/2023;ago-23;CM002;11856;12,5;;;;EUR
SEV;41;01/09/2023;sep-23;CM002;12879;21,5;;;;EUR
SEV;41;01/10/2023;oct-23;CM002;12540;23,5;;;;EUR
SEV;41;01/11/2023;nov-23;CM002;11506;25;;;;EUR
SEV;41;01/12/2023;dic-23;CM002;13524;25;;;;EUR
MAD;28;01/01/2023;ene-23;CM002;529;24,5;;;;EUR
MAD;28;01/02/2023;feb-23;CM002;1022;22,5;;;;EUR
MAD;28;01/03/2023;mar-23;CM002;1839;17;;;;EUR
MAD;28;01/04/2023;abr-23;CM002;2392;25;;;;EUR
MAD;28;01/05/2023;may-23;CM002;2735;22,5;;;;EUR
MAD;28;01/06/2023;jun-23;CM002;3240;17;;;;EUR
MAD;28;01/07/2023;jul-23;CM002;3563;19;;;;EUR
MAD;28;01/08/2023;ago-23;CM002;5448;12,5;;;;EUR
MAD;28;01/09/2023;sep-23;CM002;4959;21,5;;;;EUR
MAD;28;01/10/2023;oct-23;CM002;7420;23,5;;;;EUR
MAD;28;01/11/2023;nov-23;CM002;6600;25;;;;EUR
MAD;28;01/12/2023;dic-23;CM002;6912;25;;;;EUR
MUR;30;01/01/2023;ene-23;CM002;673;24,5;;;;EUR
MUR;30;01/02/2023;feb-23;CM002;1414;22,5;;;;EUR
MUR;30;01/03/2023;mar-23;CM002;1623;17;;;;EUR
MUR;30;01/04/2023;abr-23;CM002;2620;25;;;;EUR
MUR;30;01/05/2023;may-23;CM002;2965;22,5;;;;EUR
MUR;30;01/06/2023;jun-23;CM002;3840;17;;;;EUR
MUR;30;01/07/2023;jul-23;CM002;3864;19;;;;EUR
MUR;30;01/08/2023;ago-23;CM002;5608;12,5;;;;EUR
MUR;30;01/09/2023;sep-23;CM002;6345;21,5;;;;EUR
MUR;30;01/10/2023;oct-23;CM002;5880;23,5;;;;EUR
MUR;30;01/11/2023;nov-23;CM002;6512;25;;;;EUR
MUR;30;01/12/2023;dic-23;CM002;7584;25;;;;EUR
MLG;29;01/01/2023;ene-23;CM002;32;9,5;;;;EUR
MLG;29;01/02/2023;feb-23;CM002;122;22,5;;;;EUR
MLG;29;01/03/2023;mar-23;CM002;141;17;;;;EUR
MLG;29;01/04/2023;abr-23;CM002;376;25;;;;EUR
MLG;29;01/05/2023;may-23;CM002;610;22,5;;;;EUR
MLG;29;01/06/2023;jun-23;CM002;330;17;;;;EUR
MLG;29;01/07/2023;jul-23;CM002;420;19;;;;EUR
MLG;29;01/08/2023;ago-23;CM002;1176;12,5;;;;EUR
MLG;29;01/09/2023;sep-23;CM002;1314;21,5;;;;EUR
MLG;29;01/10/2023;oct-23;CM002;380;23,5;;;;EUR
MLG;29;01/11/2023;nov-23;CM002;1386;25;;;;EUR
MLG;29;01/12/2023;dic-23;CM002;924;25;;;;EUR
TGN;43;01/01/2023;ene-23;CM002;512;24,5;;;;EUR
TGN;43;01/02/2023;feb-23;CM002;1456;22,5;;;;EUR
TGN;43;01/03/2023;mar-23;CM002;1806;17;;;;EUR
TGN;43;01/04/2023;abr-23;CM002;2028;25;;;;EUR
TGN;43;01/05/2023;may-23;CM002;3690;22,5;;;;EUR
TGN;43;01/06/2023;jun-23;CM002;3498;17;;;;EUR
TGN;43;01/07/2023;jul-23;CM002;3927;19;;;;EUR
TGN;43;01/08/2023;ago-23;CM002;5264;12,5;;;;EUR
TGN;43;01/09/2023;sep-23;CM002;6003;21,5;;;;EUR
TGN;43;01/10/2023;oct-23;CM002;5560;23,5;;;;EUR
TGN;43;01/11/2023;nov-23;CM002;7007;25;;;;EUR
TGN;43;01/12/2023;dic-23;CM002;6324;25;;;;EUR
ZAR;50;01/01/2023;ene-23;CM002;87;19,5;;;;EUR
ZAR;50;01/02/2023;feb-23;CM002;74;12,5;;;;EUR
ZAR;50;01/03/2023;mar-23;CM002;270;17;;;;EUR
ZAR;50;01/04/2023;abr-23;CM002;312;25;;;;EUR
ZAR;50;01/05/2023;may-23;CM002;550;22,5;;;;EUR
ZAR;50;01/06/2023;jun-23;CM002;342;17;;;;EUR
ZAR;50;01/07/2023;jul-23;CM002;847;19;;;;EUR
ZAR;50;01/08/2023;ago-23;CM002;784;12,5;;;;EUR
ZAR;50;01/09/2023;sep-23;CM002;252;21,5;;;;EUR
ZAR;50;01/10/2023;oct-23;CM002;110;18,5;;;;EUR
ZAR;50;01/11/2023;nov-23;CM002;1408;25;;;;EUR
ZAR;50;01/12/2023;dic-23;CM002;528;25;;;;EUR
ACO;15;01/01/2023;ene-23;CM059;12811;25;;;;EUR
ACO;15;01/02/2023;feb-23;CM059;17470;23,5;;;;EUR
ACO;15;01/03/2023;mar-23;CM059;24543;18;;;;EUR
ACO;15;01/04/2023;abr-23;CM059;55812;16;;;;EUR
ACO;15;01/05/2023;may-23;CM059;62870;25;;;;EUR
ACO;15;01/06/2023;jun-23;CM059;60966;18;;;;EUR
ACO;15;01/07/2023;jul-23;CM059;77336;19,5;;;;EUR
ACO;15;01/08/2023;ago-23;CM059;44344;14;;;;EUR
ACO;15;01/09/2023;sep-23;CM059;64854;22,5;;;;EUR
ACO;15;01/10/2023;oct-23;CM059;125310;24,5;;;;EUR
ACO;15;01/11/2023;nov-23;CM059;97878;25;;;;EUR
ACO;15;01/12/2023;dic-23;CM059;139212;20,5;;;;EUR
ALA;1;01/01/2023;ene-23;CM059;1050;25;;;;EUR
ALA;1;01/02/2023;feb-23;CM059;2384;23,5;;;;EUR
ALA;1;01/03/2023;mar-23;CM059;3570;18;;;;EUR
ALA;1;01/04/2023;abr-23;CM059;2212;16;;;;EUR
ALA;1;01/05/2023;may-23;CM059;3290;25;;;;EUR
ALA;1;01/06/2023;jun-23;CM059;8544;18;;;;EUR
ALA;1;01/07/2023;jul-23;CM059;9114;19,5;;;;EUR
ALA;1;01/08/2023;ago-23;CM059;7608;14;;;;EUR
ALA;1;01/09/2023;sep-23;CM059;4644;22,5;;;;EUR
ALA;1;01/10/2023;oct-23;CM059;10140;24,5;;;;EUR
ALA;1;01/11/2023;nov-23;CM059;13431;25;;;;EUR
ALA;1;01/12/2023;dic-23;CM059;12828;20,5;;;;EUR
ALC;3;01/01/2023;ene-23;CM059;82;20,5;;;;EUR
ALC;3;01/02/2023;feb-23;CM059;152;23,5;;;;EUR
ALC;3;01/03/2023;mar-23;CM059;204;18;;;;EUR
ALC;3;01/04/2023;abr-23;CM059;380;16;;;;EUR
ALC;3;01/05/2023;may-23;CM059;475;25;;;;EUR
ALC;3;01/06/2023;jun-23;CM059;450;18;;;;EUR
ALC;3;01/07/2023;jul-23;CM059;1015;19,5;;;;EUR
ALC;3;01/08/2023;ago-23;CM059;992;14;;;;EUR
ALC;3;01/09/2023;sep-23;CM059;639;22,5;;;;EUR
ALC;3;01/10/2023;oct-23;CM059;670;24,5;;;;EUR
ALC;3;01/11/2023;nov-23;CM059;902;25;;;;EUR
ALC;3;01/12/2023;dic-23;CM059;1728;20,5;;;;EUR
ALM;4;01/01/2023;ene-23;CM059;1112;25;;;;EUR
ALM;4;01/02/2023;feb-23;CM059;2994;23,5;;;;EUR
ALM;4;01/03/2023;mar-23;CM059;3747;18;;;;EUR
ALM;4;01/04/2023;abr-23;CM059;5668;16;;;;EUR
ALM;4;01/05/2023;may-23;CM059;5410;25;;;;EUR
ALM;4;01/06/2023;jun-23;CM059;7218;18;;;;EUR
ALM;4;01/07/2023;jul-23;CM059;9114;19,5;;;;EUR
ALM;4;01/08/2023;ago-23;CM059;8592;14;;;;EUR
ALM;4;01/09/2023;sep-23;CM059;12501;22,5;;;;EUR
ALM;4;01/10/2023;oct-23;CM059;10870;24,5;;;;EUR
ALM;4;01/11/2023;nov-23;CM059;14685;25;;;;EUR
ALM;4;01/12/2023;dic-23;CM059;16008;20,5;;;;EUR
AST;33;01/01/2023;ene-23;CM059;11693;25;;;;EUR
AST;33;01/02/2023;feb-23;CM059;31306;23,5;;;;EUR
AST;33;01/03/2023;mar-23;CM059;37257;18;;;;EUR
AST;33;01/04/2023;abr-23;CM059;58696;16;;;;EUR
AST;33;01/05/2023;may-23;CM059;56595;25;;;;EUR
AST;33;01/06/2023;jun-23;CM059;85668;18;;;;EUR
AST;33;01/07/2023;jul-23;CM059;108878;19,5;;;;EUR
AST;33;01/08/2023;ago-23;CM059;90552;14;;;;EUR
AST;33;01/09/2023;sep-23;CM059;117216;22,5;;;;EUR
AST;33;01/10/2023;oct-23;CM059;149490;24,5;;;;EUR
AST;33;01/11/2023;nov-23;CM059;132253;25;;;;EUR
AST;33;01/12/2023;dic-23;CM059;178068;20,5;;;;EUR
BCN;8;01/01/2023;ene-23;CM059;122;25;;;;EUR
BCN;8;01/02/2023;feb-23;CM059;232;23,5;;;;EUR
BCN;8;01/03/2023;mar-23;CM059;375;18;;;;EUR
BCN;8;01/04/2023;abr-23;CM059;408;16;;;;EUR
BCN;8;01/05/2023;may-23;CM059;665;25;;;;EUR
BCN;8;01/06/2023;jun-23;CM059;666;18;;;;EUR
BCN;8;01/07/2023;jul-23;CM059;882;19,5;;;;EUR
BCN;8;01/08/2023;ago-23;CM059;944;14;;;;EUR
BCN;8;01/09/2023;sep-23;CM059;972;22,5;;;;EUR
BCN;8;01/10/2023;oct-23;CM059;1300;24,5;;;;EUR
BCN;8;01/11/2023;nov-23;CM059;1408;25;;;;EUR
BCN;8;01/12/2023;dic-23;CM059;1704;20,5;;;;EUR
BIZ;48;01/01/2023;ene-23;CM059;121;25;;;;EUR
BIZ;48;01/02/2023;feb-23;CM059;218;23,5;;;;EUR
BIZ;48;01/03/2023;mar-23;CM059;417;18;;;;EUR
BIZ;48;01/04/2023;abr-23;CM059;428;16;;;;EUR
BIZ;48;01/05/2023;may-23;CM059;635;25;;;;EUR
BIZ;48;01/06/2023;jun-23;CM059;780;18;;;;EUR
BIZ;48;01/07/2023;jul-23;CM059;826;19,5;;;;EUR
BIZ;48;01/08/2023;ago-23;CM059;880;14;;;;EUR
BIZ;48;01/09/2023;sep-23;CM059;1116;22,5;;;;EUR
BIZ;48;01/10/2023;oct-23;CM059;1130;24,5;;;;EUR
BIZ;48;01/11/2023;nov-23;CM059;1243;25;;;;EUR
BIZ;48;01/12/2023;dic-23;CM059;1752;20,5;;;;EUR
CAD;11;01/01/2023;ene-23;CM059;134;25;;;;EUR
CAD;11;01/02/2023;feb-23;CM059;212;23,5;;;;EUR
CAD;11;01/03/2023;mar-23;CM059;348;18;;;;EUR
CAD;11;01/04/2023;abr-23;CM059;532;16;;;;EUR
CAD;11;01/05/2023;may-23;CM059;685;25;;;;EUR
CAD;11;01/06/2023;jun-23;CM059;768;18;;;;EUR
CAD;11;01/07/2023;jul-23;CM059;952;19,5;;;;EUR
CAD;11;01/08/2023;ago-23;CM059;944;14;;;;EUR
CAD;11;01/09/2023;sep-23;CM059;1116;22,5;;;;EUR
CAD;11;01/10/2023;oct-23;CM059;1130;24,5;;;;EUR
CAD;11;01/11/2023;nov-23;CM059;1265;25;;;;EUR
CAD;11;01/12/2023;dic-23;CM059;1572;20,5;;;;EUR
COR;14;01/01/2023;ene-23;CM059;136;25;;;;EUR
COR;14;01/02/2023;feb-23;CM059;56;13,5;;;;EUR
COR;14;01/03/2023;mar-23;CM059;327;18;;;;EUR
COR;14;01/04/2023;abr-23;CM059;204;16;;;;EUR
COR;14;01/05/2023;may-23;CM059;685;25;;;;EUR
COR;14;01/06/2023;jun-23;CM059;384;18;;;;EUR
COR;14;01/07/2023;jul-23;CM059;126;19,5;;;;EUR
COR;14;01/08/2023;ago-23;CM059;544;14;;;;EUR
COR;14;01/09/2023;sep-23;CM059;954;22,5;;;;EUR
COR;14;01/10/2023;oct-23;CM059;660;24,5;;;;EUR
COR;14;01/11/2023;nov-23;CM059;1023;25;;;;EUR
COR;14;01/12/2023;dic-23;CM059;708;20,5;;;;EUR
GIR;17;01/01/2023;ene-23;CM059;1397;25;;;;EUR
GIR;17;01/02/2023;feb-23;CM059;2330;23,5;;;;EUR
GIR;17;01/03/2023;mar-23;CM059;3321;18;;;;EUR
GIR;17;01/04/2023;abr-23;CM059;4024;16;;;;EUR
GIR;17;01/05/2023;may-23;CM059;5210;25;;;;EUR
GIR;17;01/06/2023;jun-23;CM059;8484;18;;;;EUR
GIR;17;01/07/2023;jul-23;CM059;9576;19,5;;;;EUR
GIR;17;01/08/2023;ago-23;CM059;10560;14;;;;EUR
GIR;17;01/09/2023;sep-23;CM059;11070;22,5;;;;EUR
GIR;17;01/10/2023;oct-23;CM059;11100;24,5;;;;EUR
GIR;17;01/11/2023;nov-23;CM059;16357;25;;;;EUR
GIR;17;01/12/2023;dic-23;CM059;14604;20,5;;;;EUR
GIP;20;01/01/2023;ene-23;CM059;917;25;;;;EUR
GIP;20;01/02/2023;feb-23;CM059;274;23,5;;;;EUR
GIP;20;01/03/2023;mar-23;CM059;489;18;;;;EUR
GIP;20;01/04/2023;abr-23;CM059;5456;16;;;;EUR
GIP;20;01/05/2023;may-23;CM059;1205;25;;;;EUR
GIP;20;01/06/2023;jun-23;CM059;8412;18;;;;EUR
GIP;20;01/07/2023;jul-23;CM059;2611;19,5;;;;EUR
GIP;20;01/08/2023;ago-23;CM059;10088;14;;;;EUR
GIP;20;01/09/2023;sep-23;CM059;11160;22,5;;;;EUR
GIP;20;01/10/2023;oct-23;CM059;1400;24,5;;;;EUR
GIP;20;01/11/2023;nov-23;CM059;13563;25;;;;EUR
GIP;20;01/12/2023;dic-23;CM059;14376;20,5;;;;EUR
GRA;18;01/01/2023;ene-23;CM059;10306;25;;;;EUR
GRA;18;01/02/2023;feb-23;CM059;16078;23,5;;;;EUR
GRA;18;01/03/2023;mar-23;CM059;22248;18;;;;EUR
GRA;18;01/04/2023;abr-23;CM059;28640;16;;;;EUR
GRA;18;01/05/2023;may-23;CM059;69420;25;;;;EUR
GRA;18;01/06/2023;jun-23;CM059;14610;18;;;;EUR
GRA;18;01/07/2023;jul-23;CM059;30744;19,5;;;;EUR
GRA;18;01/08/2023;ago-23;CM059;47328;14;;;;EUR
GRA;18;01/09/2023;sep-23;CM059;63027;22,5;;;;EUR
GRA;18;01/10/2023;oct-23;CM059;64210;24,5;;;;EUR
GRA;18;01/11/2023;nov-23;CM059;74822;25;;;;EUR
GRA;18;01/12/2023;dic-23;CM059;119724;20,5;;;;EUR
BAL;7;01/01/2023;ene-23;CM059;140;25;;;;EUR
BAL;7;01/02/2023;feb-23;CM059;298;23,5;;;;EUR
BAL;7;01/03/2023;mar-23;CM059;51;8;;;;EUR
BAL;7;01/04/2023;abr-23;CM059;168;16;;;;EUR
BAL;7;01/05/2023;may-23;CM059;310;25;;;;EUR
BAL;7;01/06/2023;jun-23;CM059;558;18;;;;EUR
BAL;7;01/07/2023;jul-23;CM059;700;19,5;;;;EUR
BAL;7;01/08/2023;ago-23;CM059;960;14;;;;EUR
BAL;7;01/09/2023;sep-23;CM059;774;22,5;;;;EUR
BAL;7;01/10/2023;oct-23;CM059;780;24,5;;;;EUR
BAL;7;01/11/2023;nov-23;CM059;1628;25;;;;EUR
BAL;7;01/12/2023;dic-23;CM059;948;20,5;;;;EUR
LPA;35;01/01/2023;ene-23;CM059;1405;25;;;;EUR
LPA;35;01/02/2023;feb-23;CM059;2728;23,5;;;;EUR
LPA;35;01/03/2023;mar-23;CM059;4200;18;;;;EUR
LPA;35;01/04/2023;abr-23;CM059;5676;16;;;;EUR
LPA;35;01/05/2023;may-23;CM059;5250;25;;;;EUR
LPA;35;01/06/2023;jun-23;CM059;6618;18;;;;EUR
LPA;35;01/07/2023;jul-23;CM059;8582;19,5;;;;EUR
LPA;35;01/08/2023;ago-23;CM059;8192;14;;;;EUR
LPA;35;01/09/2023;sep-23;CM059;11205;22,5;;;;EUR
LPA;35;01/10/2023;oct-23;CM059;11190;24,5;;;;EUR
LPA;35;01/11/2023;nov-23;CM059;13299;25;;;;EUR
LPA;35;01/12/2023;dic-23;CM059;15240;20,5;;;;EUR
LEO;24;01/01/2023;ene-23;CM059;1395;25;;;;EUR
LEO;24;01/02/2023;feb-23;CM059;2984;23,5;;;;EUR
LEO;24;01/03/2023;mar-23;CM059;3735;18;;;;EUR
LEO;24;01/04/2023;abr-23;CM059;5992;16;;;;EUR
LEO;24;01/05/2023;may-23;CM059;6350;25;;;;EUR
LEO;24;01/06/2023;jun-23;CM059;6264;18;;;;EUR
LEO;24;01/07/2023;jul-23;CM059;8876;19,5;;;;EUR
LEO;24;01/08/2023;ago-23;CM059;10200;14;;;;EUR
LEO;24;01/09/2023;sep-23;CM059;13068;22,5;;;;EUR
LEO;24;01/10/2023;oct-23;CM059;14260;24,5;;;;EUR
LEO;24;01/11/2023;nov-23;CM059;13409;25;;;;EUR
LEO;24;01/12/2023;dic-23;CM059;14292;20,5;;;;EUR
LLE;25;01/01/2023;ene-23;CM059;104;20,5;;;;EUR
LLE;25;01/02/2023;feb-23;CM059;244;23,5;;;;EUR
LLE;25;01/03/2023;mar-23;CM059;432;18;;;;EUR
LLE;25;01/04/2023;abr-23;CM059;548;16;;;;EUR
LLE;25;01/05/2023;may-23;CM059;330;25;;;;EUR
LLE;25;01/06/2023;jun-23;CM059;534;18;;;;EUR
LLE;25;01/07/2023;jul-23;CM059;329;19,5;;;;EUR
LLE;25;01/08/2023;ago-23;CM059;232;14;;;;EUR
LLE;25;01/09/2023;sep-23;CM059;594;22,5;;;;EUR
LLE;25;01/10/2023;oct-23;CM059;1160;24,5;;;;EUR
LLE;25;01/11/2023;nov-23;CM059;836;25;;;;EUR
LLE;25;01/12/2023;dic-23;CM059;864;20,5;;;;EUR
OUR;32;01/01/2023;ene-23;CM059;1072;25;;;;EUR
OUR;32;01/02/2023;feb-23;CM059;2688;23,5;;;;EUR
OUR;32;01/03/2023;mar-23;CM059;4110;18;;;;EUR
OUR;32;01/04/2023;abr-23;CM059;4972;16;;;;EUR
OUR;32;01/05/2023;may-23;CM059;6265;25;;;;EUR
OUR;32;01/06/2023;jun-23;CM059;8322;18;;;;EUR
OUR;32;01/07/2023;jul-23;CM059;9716;19,5;;;;EUR
OUR;32;01/08/2023;ago-23;CM059;8336;14;;;;EUR
OUR;32;01/09/2023;sep-23;CM059;13077;22,5;;;;EUR
OUR;32;01/10/2023;oct-23;CM059;14870;24,5;;;;EUR
OUR;32;01/11/2023;nov-23;CM059;11484;25;;;;EUR
OUR;32;01/12/2023;dic-23;CM059;15108;20,5;;;;EUR
SEV;41;01/01/2023;ene-23;CM059;1489;25;;;;EUR
SEV;41;01/02/2023;feb-23;CM059;2614;23,5;;;;EUR
SEV;41;01/03/2023;mar-23;CM059;3078;18;;;;EUR
SEV;41;01/04/2023;abr-23;CM059;5196;16;;;;EUR
SEV;41;01/05/2023;may-23;CM059;6230;25;;;;EUR
SEV;41;01/06/2023;jun-23;CM059;8892;18;;;;EUR
SEV;41;01/07/2023;jul-23;CM059;9632;19,5;;;;EUR
SEV;41;01/08/2023;ago-23;CM059;10544;14;;;;EUR
SEV;41;01/09/2023;sep-23;CM059;9675;22,5;;;;EUR
SEV;41;01/10/2023;oct-23;CM059;14500;24,5;;;;EUR
SEV;41;01/11/2023;nov-23;CM059;15191;25;;;;EUR
SEV;41;01/12/2023;dic-23;CM059;12252;20,5;;;;EUR
MAD;28;01/01/2023;ene-23;CM059;719;25;;;;EUR
MAD;28;01/02/2023;feb-23;CM059;1230;23,5;;;;EUR
MAD;28;01/03/2023;mar-23;CM059;2157;18;;;;EUR
MAD;28;01/04/2023;abr-23;CM059;2992;16;;;;EUR
MAD;28;01/05/2023;may-23;CM059;2610;25;;;;EUR
MAD;28;01/06/2023;jun-23;CM059;3408;18;;;;EUR
MAD;28;01/07/2023;jul-23;CM059;4438;19,5;;;;EUR
MAD;28;01/08/2023;ago-23;CM059;5080;14;;;;EUR
MAD;28;01/09/2023;sep-23;CM059;4986;22,5;;;;EUR
MAD;28;01/10/2023;oct-23;CM059;6330;24,5;;;;EUR
MAD;28;01/11/2023;nov-23;CM059;6193;25;;;;EUR
MAD;28;01/12/2023;dic-23;CM059;7224;20,5;;;;EUR
MUR;30;01/01/2023;ene-23;CM059;620;25;;;;EUR
MUR;30;01/02/2023;feb-23;CM059;1110;23,5;;;;EUR
MUR;30;01/03/2023;mar-23;CM059;2247;18;;;;EUR
MUR;30;01/04/2023;abr-23;CM059;2652;16;;;;EUR
MUR;30;01/05/2023;may-23;CM059;3705;25;;;;EUR
MUR;30;01/06/2023;jun-23;CM059;3330;18;;;;EUR
MUR;30;01/07/2023;jul-23;CM059;5159;19,5;;;;EUR
MUR;30;01/08/2023;ago-23;CM059;5080;14;;;;EUR
MUR;30;01/09/2023;sep-23;CM059;4932;22,5;;;;EUR
MUR;30;01/10/2023;oct-23;CM059;5140;24,5;;;;EUR
MUR;30;01/11/2023;nov-23;CM059;6479;25;;;;EUR
MUR;30;01/12/2023;dic-23;CM059;8088;20,5;;;;EUR
MLG;29;01/01/2023;ene-23;CM059;12;5,5;;;;EUR
MLG;29;01/02/2023;feb-23;CM059;88;18,5;;;;EUR
MLG;29;01/03/2023;mar-23;CM059;426;18;;;;EUR
MLG;29;01/04/2023;abr-23;CM059;172;16;;;;EUR
MLG;29;01/05/2023;may-23;CM059;625;25;;;;EUR
MLG;29;01/06/2023;jun-23;CM059;312;18;;;;EUR
MLG;29;01/07/2023;jul-23;CM059;259;19,5;;;;EUR
MLG;29;01/08/2023;ago-23;CM059;264;14;;;;EUR
MLG;29;01/09/2023;sep-23;CM059;630;22,5;;;;EUR
MLG;29;01/10/2023;oct-23;CM059;1160;24,5;;;;EUR
MLG;29;01/11/2023;nov-23;CM059;671;25;;;;EUR
MLG;29;01/12/2023;dic-23;CM059;1104;20,5;;;;EUR
TGN;43;01/01/2023;ene-23;CM059;521;25;;;;EUR
TGN;43;01/02/2023;feb-23;CM059;1000;23,5;;;;EUR
TGN;43;01/03/2023;mar-23;CM059;1788;18;;;;EUR
TGN;43;01/04/2023;abr-23;CM059;2292;16;;;;EUR
TGN;43;01/05/2023;may-23;CM059;3665;25;;;;EUR
TGN;43;01/06/2023;jun-23;CM059;3390;18;;;;EUR
TGN;43;01/07/2023;jul-23;CM059;4529;19,5;;;;EUR
TGN;43;01/08/2023;ago-23;CM059;4176;14;;;;EUR
TGN;43;01/09/2023;sep-23;CM059;6408;22,5;;;;EUR
TGN;43;01/10/2023;oct-23;CM059;6590;24,5;;;;EUR
TGN;43;01/11/2023;nov-23;CM059;6435;25;;;;EUR
TGN;43;01/12/2023;dic-23;CM059;8244;20,5;;;;EUR
ZAR;50;01/01/2023;ene-23;CM059;35;10,5;;;;EUR
ZAR;50;01/02/2023;feb-23;CM059;256;23,5;;;;EUR
ZAR;50;01/03/2023;mar-23;CM059;105;13;;;;EUR
ZAR;50;01/04/2023;abr-23;CM059;360;16;;;;EUR
ZAR;50;01/05/2023;may-23;CM059;520;25;;;;EUR
ZAR;50;01/06/2023;jun-23;CM059;504;18;;;;EUR
ZAR;50;01/07/2023;jul-23;CM059;686;19,5;;;;EUR
ZAR;50;01/08/2023;ago-23;CM059;1024;14;;;;EUR
ZAR;50;01/09/2023;sep-23;CM059;810;22,5;;;;EUR
ZAR;50;01/10/2023;oct-23;CM059;290;24,5;;;;EUR
ZAR;50;01/11/2023;nov-23;CM059;528;25;;;;EUR
ZAR;50;01/12/2023;dic-23;CM059;1080;20,5;;;;EUR
